B1,B2,B3,B4,B5,B6,I,T,VT,TIME,PB1,PB2,PB3,PB4,PB5,PB6,PVT
0.26,-0.26,0.0,0.0,0.0,0.0,0.0,699.0,0.0,2024-01-01 00:00:00,0.0,-0.0,0.0,0.0,0.0,0.0,0.0
0.08,-0.08,0.0,0.0,0.0,0.0,0.0,23.4,0.0,2024-01-01 00:00:02,0.0,-0.0,0.0,0.0,0.0,0.0,0.0
0.0,0.0,0.0,0.0,0.0,0.0,0.0,23.4,0.0,2024-01-01 00:00:03,0.0,0.0,0.0,0.0,0.0,0.0,0.0
0.06,-0.06,0.0,0.0,0.0,0.0,0.0,23.4,0.0,2024-01-01 00:00:05,0.0,-0.0,0.0,0.0,0.0,0.0,0.0
0.0,0.0,0.0,0.0,0.0,0.0,0.04,23.4,0.0,2024-01-01 00:00:06,0.0,0.0,0.0,0.0,0.0,0.0,0.0
0.0,0.0,0.0,0.0,0.0,0.0,0.0,23.4,0.0,2024-01-01 00:00:08,0.0,0.0,0.0,0.0,0.0,0.0,0.0
0.0,0.0,0.0,0.0,0.0,0.0,0.04,23.4,0.0,2024-01-01 00:00:09,0.0,0.0,0.0,0.0,0.0,0.0,0.0
0.0,0.0,0.0,0.0,0.0,0.0,0.0,23.1,0.0,2024-01-01 00:00:11,0.0,0.0,0.0,0.0,0.0,0.0,0.0
0.0,0.0,0.0,0.0,0.0,0.0,0.0,23.1,0.0,2024-01-01 00:00:12,0.0,0.0,0.0,0.0,0.0,0.0,0.0
0.0,0.0,0.0,0.0,0.0,0.0,0.0,23.0,0.0,2024-01-01 00:00:14,0.0,0.0,0.0,0.0,0.0,0.0,0.0
0.0,0.0,0.0,0.0,0.0,0.0,0.0,23.0,0.0,2024-01-01 00:00:15,0.0,0.0,0.0,0.0,0.0,0.0,0.0
0.0,0.0,0.0,0.0,0.0,0.0,0.0,23.0,0.0,2024-01-01 00:00:17,0.0,0.0,0.0,0.0,0.0,0.0,0.0
0.0,0.0,0.0,0.0,0.0,0.0,0.04,23.0,0.0,2024-01-01 00:00:18,0.0,0.0,0.0,0.0,0.0,0.0,0.0
0.0,0.0,0.0,0.0,0.0,0.0,0.0,23.0,0.0,2024-01-01 00:00:20,0.0,0.0,0.0,0.0,0.0,0.0,0.0
0.0,0.0,0.0,0.0,0.0,0.0,0.04,23.0,0.0,2024-01-01 00:00:21,0.0,0.0,0.0,0.0,0.0,0.0,0.0
0.0,0.0,0.0,0.0,0.0,0.0,0.0,23.0,0.0,2024-01-01 00:00:23,0.0,0.0,0.0,0.0,0.0,0.0,0.0
0.0,0.0,0.0,0.0,0.0,0.0,0.0,23.0,0.0,2024-01-01 00:00:24,0.0,0.0,0.0,0.0,0.0,0.0,0.0
0.02,-0.02,0.0,0.0,0.0,0.0,0.0,23.0,0.0,2024-01-01 00:00:26,0.0,-0.0,0.0,0.0,0.0,0.0,0.0
0.02,-0.02,0.0,0.0,0.0,0.0,0.04,23.0,0.0,2024-01-01 00:00:27,8.000000000000001e-07,-8.000000000000001e-07,0.0,0.0,0.0,0.0,0.0
0.03,-0.03,0.0,0.0,0.0,0.0,0.0,23.0,0.0,2024-01-01 00:00:29,0.0,-0.0,0.0,0.0,0.0,0.0,0.0
0.03,-0.03,0.0,0.0,0.0,0.0,0.0,23.0,0.0,2024-01-01 00:00:30,0.0,-0.0,0.0,0.0,0.0,0.0,0.0
0.01,-0.01,0.0,0.0,0.0,0.0,-0.04,23.0,0.0,2024-01-01 00:00:32,-4.0000000000000003e-07,4.0000000000000003e-07,-0.0,-0.0,-0.0,-0.0,-0.0
0.0,0.0,0.0,0.0,0.0,0.0,-0.04,23.0,0.0,2024-01-01 00:00:33,-0.0,-0.0,-0.0,-0.0,-0.0,-0.0,-0.0
0.0,0.0,0.0,0.0,0.0,0.0,0.0,23.0,0.0,2024-01-01 00:00:35,0.0,0.0,0.0,0.0,0.0,0.0,0.0
0.0,0.0,0.0,0.0,0.0,0.0,0.04,23.0,0.0,2024-01-01 00:00:36,0.0,0.0,0.0,0.0,0.0,0.0,0.0
0.0,0.0,0.0,0.0,0.0,0.0,0.0,23.0,0.0,2024-01-01 00:00:38,0.0,0.0,0.0,0.0,0.0,0.0,0.0
0.0,0.0,0.0,0.0,0.0,0.0,0.0,23.0,0.0,2024-01-01 00:00:39,0.0,0.0,0.0,0.0,0.0,0.0,0.0
0.0,0.0,0.0,0.0,0.0,0.0,0.0,23.0,0.0,2024-01-01 00:00:41,0.0,0.0,0.0,0.0,0.0,0.0,0.0
0.05,-0.05,0.0,0.0,0.0,0.0,0.0,23.0,0.0,2024-01-01 00:00:42,0.0,-0.0,0.0,0.0,0.0,0.0,0.0
0.0,-0.0,0.0,0.0,0.0,0.0,-0.04,23.0,0.0,2024-01-01 00:00:44,-0.0,0.0,-0.0,-0.0,-0.0,-0.0,-0.0
0.0,0.0,0.0,0.0,0.0,0.0,-0.08,23.0,0.0,2024-01-01 00:00:45,-0.0,-0.0,-0.0,-0.0,-0.0,-0.0,-0.0
0.0,0.0,0.0,0.0,0.0,0.0,0.0,23.0,0.0,2024-01-01 00:00:47,0.0,0.0,0.0,0.0,0.0,0.0,0.0
0.06,-0.06,0.0,0.0,0.0,0.0,0.0,23.0,0.0,2024-01-01 00:00:48,0.0,-0.0,0.0,0.0,0.0,0.0,0.0
0.19,-0.19,0.0,0.0,0.0,0.0,0.0,23.0,0.0,2024-01-01 00:00:50,0.0,-0.0,0.0,0.0,0.0,0.0,0.0
0.27,-0.27,0.0,0.0,0.0,0.0,0.04,23.0,0.0,2024-01-01 00:00:51,1.08e-05,-1.08e-05,0.0,0.0,0.0,0.0,0.0
0.34,-0.34,0.0,0.0,0.0,0.0,0.0,23.0,0.0,2024-01-01 00:00:53,0.0,-0.0,0.0,0.0,0.0,0.0,0.0
0.49,-0.49,0.0,0.0,0.0,0.0,-0.04,23.0,0.0,2024-01-01 00:00:54,-1.96e-05,1.96e-05,-0.0,-0.0,-0.0,-0.0,-0.0
0.44,-0.44,-0.0,0.0,0.0,0.0,0.04,23.0,0.0,2024-01-01 00:00:56,1.76e-05,-1.76e-05,-0.0,0.0,0.0,0.0,0.0
0.03,-0.03,0.0,0.0,0.0,0.0,0.0,23.0,0.0,2024-01-01 00:00:57,0.0,-0.0,0.0,0.0,0.0,0.0,0.0
0.0,0.0,0.0,0.0,0.0,0.0,0.0,22.9,0.0,2024-01-01 00:00:59,0.0,0.0,0.0,0.0,0.0,0.0,0.0
0.04,-0.04,0.0,0.0,0.0,0.0,0.0,22.9,0.0,2024-01-01 00:01:00,0.0,-0.0,0.0,0.0,0.0,0.0,0.0
0.05,-0.05,0.0,0.0,0.0,0.0,0.0,22.7,0.0,2024-01-01 00:01:02,0.0,-0.0,0.0,0.0,0.0,0.0,0.0
0.43,-0.43,0.0,0.0,0.0,0.0,-0.04,22.7,0.0,2024-01-01 00:01:03,-1.72e-05,1.72e-05,-0.0,-0.0,-0.0,-0.0,-0.0
0.03,-0.03,0.0,0.0,0.0,0.0,0.0,22.6,0.0,2024-01-01 00:01:05,0.0,-0.0,0.0,0.0,0.0,0.0,0.0
0.0,0.0,0.0,0.0,0.0,0.0,-0.04,22.6,0.0,2024-01-01 00:01:06,-0.0,-0.0,-0.0,-0.0,-0.0,-0.0,-0.0
0.0,0.0,0.0,0.0,0.0,0.0,-0.04,22.6,0.0,2024-01-01 00:01:08,-0.0,-0.0,-0.0,-0.0,-0.0,-0.0,-0.0
0.0,0.0,0.0,0.0,0.0,0.0,-0.08,22.6,0.0,2024-01-01 00:00:00,-0.0,-0.0,-0.0,-0.0,-0.0,-0.0,-0.0
0.0,0.0,0.0,0.0,0.0,0.0,0.0,22.6,0.0,2024-01-01 00:00:02,0.0,0.0,0.0,0.0,0.0,0.0,0.0
0.18,-0.18,0.0,0.0,0.0,0.0,0.12,22.6,0.0,2024-01-01 00:00:03,2.1599999999999996e-05,-2.1599999999999996e-05,0.0,0.0,0.0,0.0,0.0
0.41,-0.41,0.0,0.0,0.0,0.0,0.0,22.6,0.0,2024-01-01 00:00:05,0.0,-0.0,0.0,0.0,0.0,0.0,0.0
0.41,-0.41,0.0,0.0,0.0,0.0,0.0,22.6,0.0,2024-01-01 00:00:06,0.0,-0.0,0.0,0.0,0.0,0.0,0.0
0.55,-0.54,-0.01,0.0,0.0,0.0,0.0,22.6,0.0,2024-01-01 00:00:08,0.0,-0.0,-0.0,0.0,0.0,0.0,0.0
0.52,-0.45,-0.07,0.0,0.0,0.0,0.0,22.6,0.0,2024-01-01 00:00:09,0.0,-0.0,-0.0,0.0,0.0,0.0,0.0
0.42,-0.42,0.0,0.0,0.0,0.0,0.0,22.6,0.0,2024-01-01 00:00:11,0.0,-0.0,0.0,0.0,0.0,0.0,0.0
0.08,-0.08,0.0,0.0,0.0,0.0,-0.04,22.6,0.0,2024-01-01 00:00:12,-3.2000000000000003e-06,3.2000000000000003e-06,-0.0,-0.0,-0.0,-0.0,-0.0
0.0,0.0,0.0,0.0,0.0,0.0,0.04,22.6,0.0,2024-01-01 00:00:14,0.0,0.0,0.0,0.0,0.0,0.0,0.0
0.01,-0.01,0.0,0.0,0.0,0.0,0.0,22.6,0.0,2024-01-01 00:00:15,0.0,-0.0,0.0,0.0,0.0,0.0,0.0
0.0,0.0,0.0,0.0,0.0,0.0,0.0,22.6,0.0,2024-01-01 00:00:17,0.0,0.0,0.0,0.0,0.0,0.0,0.0
0.0,0.0,0.0,0.0,0.0,0.0,0.0,22.6,0.0,2024-01-01 00:00:18,0.0,0.0,0.0,0.0,0.0,0.0,0.0
0.08,-0.08,0.0,0.0,0.0,0.0,0.0,22.6,0.0,2024-01-01 00:00:20,0.0,-0.0,0.0,0.0,0.0,0.0,0.0
0.22,-0.22,0.0,0.0,0.0,0.0,0.0,22.6,0.0,2024-01-01 00:00:21,0.0,-0.0,0.0,0.0,0.0,0.0,0.0
0.13,-0.13,0.0,0.0,0.0,0.0,-0.04,22.6,0.0,2024-01-01 00:00:23,-5.200000000000001e-06,5.200000000000001e-06,-0.0,-0.0,-0.0,-0.0,-0.0
0.56,-0.52,-0.04,0.0,0.0,0.0,0.0,22.6,0.0,2024-01-01 00:00:24,0.0,-0.0,-0.0,0.0,0.0,0.0,0.0
0.51,-0.51,0.0,0.0,0.0,0.0,0.0,22.6,0.0,2024-01-01 00:00:26,0.0,-0.0,0.0,0.0,0.0,0.0,0.0
0.53,-0.46,-0.07,0.0,0.0,0.0,0.0,22.6,0.0,2024-01-01 00:00:27,0.0,-0.0,-0.0,0.0,0.0,0.0,0.0
0.52,-0.52,0.0,0.0,0.0,0.0,0.0,22.6,0.0,2024-01-01 00:00:29,0.0,-0.0,0.0,0.0,0.0,0.0,0.0
0.5,-0.49,-0.01,0.0,0.0,0.0,-0.08,22.6,0.0,2024-01-01 00:00:30,-4e-05,3.92e-05,8.000000000000001e-07,-0.0,-0.0,-0.0,-0.0
0.51,-0.51,0.0,0.0,0.0,0.0,0.0,22.6,0.0,2024-01-01 00:00:32,0.0,-0.0,0.0,0.0,0.0,0.0,0.0
3.81,3.81,3.83,3.71,3.9,3.94,-26.75,21.8,23.01,2024-01-01 00:00:00,-0.10191750000000001,-0.10191750000000001,-0.1024525,-0.0992425,-0.104325,-0.105395,-0.6155175
3.84,3.78,3.8,3.86,3.82,3.91,-24.37,21.8,23.01,2024-01-01 00:00:02,-0.09358079999999999,-0.0921186,-0.092606,-0.0940682,-0.0930934,-0.09528670000000002,-0.5607537000000001
3.84,3.78,3.83,3.8,3.81,3.93,-24.42,21.8,22.98,2024-01-01 00:00:03,-0.0937728,-0.0923076,-0.09352860000000002,-0.092796,-0.09304020000000002,-0.0959706,-0.5611716
3.84,3.78,3.82,4.04,3.57,3.93,-24.42,21.8,22.98,2024-01-01 00:00:05,-0.0937728,-0.0923076,-0.0932844,-0.0986568,-0.0871794,-0.0959706,-0.5611716
3.88,3.74,3.81,4.02,3.62,3.91,-24.46,21.8,22.98,2024-01-01 00:00:06,-0.0949048,-0.0914804,-0.0931926,-0.09832919999999999,-0.0885452,-0.0956386,-0.5620908000000001
3.82,3.79,3.81,3.77,3.87,3.78,-44.12,21.8,22.84,2024-01-01 00:00:08,-0.1685384,-0.1672148,-0.16809719999999997,-0.1663324,-0.1707444,-0.1667736,-1.0077008
3.83,3.78,3.82,3.78,3.85,3.9,-24.37,21.8,22.96,2024-01-01 00:00:09,-0.0933371,-0.0921186,-0.0930934,-0.0921186,-0.0938245,-0.095043,-0.5595352
3.83,3.84,3.76,3.74,3.89,3.84,-24.42,21.8,22.9,2024-01-01 00:00:11,-0.09352860000000002,-0.0937728,-0.09181919999999999,-0.09133080000000002,-0.0949938,-0.0937728,-0.559218
3.83,3.78,3.81,3.8,3.79,3.95,-24.37,21.8,22.97,2024-01-01 00:00:12,-0.0933371,-0.0921186,-0.0928497,-0.092606,-0.09236230000000001,-0.09626150000000001,-0.5597789
3.89,3.73,3.81,3.83,3.79,4.4,-24.42,21.8,23.44,2024-01-01 00:00:14,-0.0949938,-0.0910866,-0.09304020000000002,-0.09352860000000002,-0.09255180000000002,-0.10744800000000002,-0.5724048
3.84,3.75,3.86,3.79,3.82,3.91,-26.75,21.8,22.97,2024-01-01 00:00:15,-0.10272,-0.1003125,-0.103255,-0.10138250000000001,-0.102185,-0.1045925,-0.6144475
3.84,3.78,3.82,3.79,3.84,3.92,-24.42,21.8,22.99,2024-01-01 00:00:17,-0.0937728,-0.0923076,-0.0932844,-0.09255180000000002,-0.0937728,-0.0957264,-0.5614158
3.84,3.78,3.73,3.88,3.85,3.9,-24.42,21.8,22.97,2024-01-01 00:00:18,-0.0937728,-0.0923076,-0.0910866,-0.0947496,-0.094017,-0.095238,-0.5609274000000001
3.87,3.75,3.82,3.82,3.71,4.01,-24.54,21.8,22.97,2024-01-01 00:00:20,-0.0949698,-0.092025,-0.09374279999999999,-0.09374279999999999,-0.0910434,-0.09840539999999999,-0.5636838
3.84,3.77,3.82,3.82,3.81,3.9,-24.42,21.8,22.96,2024-01-01 00:00:21,-0.0937728,-0.0920634,-0.0932844,-0.0932844,-0.09304020000000002,-0.095238,-0.5606832
3.84,3.77,3.8,3.83,3.8,3.92,-24.42,21.8,22.96,2024-01-01 00:00:23,-0.0937728,-0.0920634,-0.092796,-0.09352860000000002,-0.092796,-0.0957264,-0.5606832
3.81,3.81,3.83,3.85,3.77,3.91,-24.37,21.8,22.98,2024-01-01 00:00:24,-0.0928497,-0.0928497,-0.0933371,-0.0938245,-0.09187490000000001,-0.09528670000000002,-0.5600226
3.89,3.73,3.83,3.81,3.8,3.92,-24.46,21.8,22.98,2024-01-01 00:00:26,-0.0951494,-0.09123579999999999,-0.09368180000000001,-0.0931926,-0.09294799999999999,-0.0958832,-0.5620908000000001
3.81,3.81,3.83,3.75,3.88,3.9,-24.42,21.8,22.98,2024-01-01 00:00:27,-0.09304020000000002,-0.09304020000000002,-0.09352860000000002,-0.091575,-0.0947496,-0.095238,-0.5611716
3.83,3.78,3.82,3.82,3.81,3.91,-24.46,21.8,22.97,2024-01-01 00:00:29,-0.09368180000000001,-0.0924588,-0.0934372,-0.0934372,-0.0931926,-0.0956386,-0.5618462
3.83,3.79,3.83,3.79,3.83,3.93,-24.46,21.8,23.0,2024-01-01 00:00:30,-0.09368180000000001,-0.0927034,-0.09368180000000001,-0.0927034,-0.09368180000000001,-0.09612780000000001,-0.5625800000000001
3.81,3.81,3.82,3.77,3.8,3.97,-24.58,21.8,22.98,2024-01-01 00:00:32,-0.0936498,-0.0936498,-0.09389559999999998,-0.09266659999999999,-0.09340399999999999,-0.0975826,-0.5648483999999999
3.83,3.79,3.77,3.85,3.82,3.91,-24.46,21.8,22.97,2024-01-01 00:00:33,-0.09368180000000001,-0.0927034,-0.09221420000000001,-0.094171,-0.0934372,-0.0956386,-0.5618462
3.83,3.75,3.82,3.78,3.82,4.01,-24.54,21.8,23.0,2024-01-01 00:00:35,-0.0939882,-0.092025,-0.09374279999999999,-0.09276119999999999,-0.09374279999999999,-0.09840539999999999,-0.5644199999999999
3.82,3.74,3.83,3.85,3.66,4.11,-24.21,21.8,23.0,2024-01-01 00:00:36,-0.0924822,-0.09054540000000001,-0.0927243,-0.0932085,-0.08860860000000001,-0.09950310000000001,-0.55683
3.83,3.78,3.84,3.81,3.81,3.85,-24.46,21.8,22.92,2024-01-01 00:00:38,-0.09368180000000001,-0.0924588,-0.09392640000000001,-0.0931926,-0.0931926,-0.094171,-0.5606232000000001
3.84,3.77,3.86,3.74,3.69,4.07,-21.5,21.8,22.98,2024-01-01 00:00:39,-0.08256000000000001,-0.081055,-0.08299,-0.08041000000000001,-0.07933499999999999,-0.08750500000000001,-0.49407
3.82,3.8,3.81,3.81,3.78,4.01,-24.58,21.8,23.02,2024-01-01 00:00:41,-0.09389559999999998,-0.09340399999999999,-0.0936498,-0.0936498,-0.09291239999999999,-0.09856579999999998,-0.5658316
3.83,3.78,3.82,3.79,3.98,3.75,-21.08,21.8,22.94,2024-01-01 00:00:42,-0.08073639999999999,-0.07968239999999999,-0.0805256,-0.0798932,-0.0838984,-0.07905,-0.4835752
3.84,3.77,3.82,3.77,3.88,3.85,-44.17,21.8,22.93,2024-01-01 00:00:44,-0.16961279999999998,-0.1665209,-0.1687294,-0.1665209,-0.17137960000000002,-0.17005450000000003,-1.0128181
3.89,3.77,3.79,3.81,3.81,3.91,-21.33,21.8,22.98,2024-01-01 00:00:45,-0.0829737,-0.08041409999999999,-0.0808407,-0.08126729999999999,-0.08126729999999999,-0.0834003,-0.49016339999999997
3.86,3.78,3.85,3.77,3.8,3.93,-24.54,21.8,22.99,2024-01-01 00:00:47,-0.09472439999999999,-0.09276119999999999,-0.094479,-0.0925158,-0.093252,-0.0964422,-0.5641746
3.78,3.81,3.79,3.78,3.83,3.87,-24.54,21.8,22.86,2024-01-01 00:00:48,-0.09276119999999999,-0.0934974,-0.0930066,-0.09276119999999999,-0.0939882,-0.0949698,-0.5609843999999999
3.86,3.75,3.82,3.82,3.82,3.89,-21.54,21.8,22.96,2024-01-01 00:00:50,-0.0831444,-0.08077499999999999,-0.08228279999999999,-0.08228279999999999,-0.08228279999999999,-0.08379059999999999,-0.4945584
3.86,3.78,3.79,3.79,3.85,3.9,-24.54,21.8,22.97,2024-01-01 00:00:51,-0.09472439999999999,-0.09276119999999999,-0.0930066,-0.0930066,-0.094479,-0.09570599999999999,-0.5636838
3.84,3.78,3.84,3.75,3.84,3.94,-32.37,21.8,22.99,2024-01-01 00:00:53,-0.12430079999999998,-0.12235859999999998,-0.12430079999999998,-0.1213875,-0.12430079999999998,-0.12753779999999998,-0.7441862999999999
3.82,3.79,3.78,3.82,3.85,3.86,-21.0,21.8,22.92,2024-01-01 00:00:54,-0.08022,-0.07959000000000001,-0.07937999999999999,-0.08022,-0.08085,-0.08106000000000001,-0.48132
3.81,3.8,3.8,3.77,3.87,3.87,-21.21,21.8,22.92,2024-01-01 00:00:56,-0.08081010000000001,-0.080598,-0.080598,-0.07996170000000001,-0.08208270000000001,-0.08208270000000001,-0.48613320000000004
3.78,3.81,3.82,3.79,3.84,3.77,-38.83,21.8,22.81,2024-01-01 00:00:57,-0.1467774,-0.1479423,-0.14833059999999998,-0.14716569999999998,-0.14910719999999997,-0.1463891,-0.8857122999999999
3.81,3.8,3.8,3.82,3.78,3.98,-21.04,21.8,22.99,2024-01-01 00:00:59,-0.0801624,-0.079952,-0.079952,-0.0803728,-0.0795312,-0.0837392,-0.48370959999999996
3.82,3.79,3.81,3.79,3.78,3.96,-20.62,21.5,22.95,2024-01-01 00:01:00,-0.0787684,-0.0781498,-0.0785622,-0.0781498,-0.0779436,-0.08165520000000001,-0.473229
3.81,3.78,3.83,3.72,3.85,3.85,-20.37,21.5,22.86,2024-01-01 00:01:02,-0.0776097,-0.0769986,-0.0780171,-0.07577640000000001,-0.07842450000000001,-0.07842450000000001,-0.4656582
3.85,3.8,3.79,3.8,3.78,3.96,-20.42,21.4,22.98,2024-01-01 00:01:03,-0.078617,-0.077596,-0.0773918,-0.077596,-0.07718760000000001,-0.08086320000000001,-0.46925160000000005
3.84,3.78,3.8,3.85,3.79,3.94,-20.0,21.4,23.0,2024-01-01 00:01:05,-0.0768,-0.0756,-0.076,-0.077,-0.07579999999999999,-0.0788,-0.46
3.85,3.76,3.83,3.82,3.81,3.93,-20.29,21.4,23.0,2024-01-01 00:01:06,-0.0781165,-0.0762904,-0.07771070000000001,-0.07750779999999999,-0.07730490000000001,-0.0797397,-0.46667
3.86,3.77,3.8,3.82,3.8,3.94,-20.08,21.4,23.01,2024-01-01 00:01:08,-0.07750879999999999,-0.0757016,-0.07630399999999998,-0.07670559999999998,-0.07630399999999998,-0.07911519999999998,-0.4620408
3.83,3.79,3.83,3.79,3.83,3.95,-19.62,21.4,23.02,2024-01-01 00:01:09,-0.0751446,-0.0743598,-0.0751446,-0.0743598,-0.0751446,-0.07749900000000001,-0.4516524
3.84,3.78,3.83,3.8,3.83,3.9,-20.17,21.4,22.97,2024-01-01 00:01:11,-0.07745280000000002,-0.0762426,-0.0772511,-0.076646,-0.0772511,-0.07866300000000001,-0.4633049
3.84,3.78,3.83,3.79,3.82,3.91,-20.25,21.4,22.96,2024-01-01 00:01:12,-0.07776,-0.076545,-0.0775575,-0.0767475,-0.077355,-0.07917750000000001,-0.46494
3.83,3.79,3.8,3.78,3.85,3.94,-20.37,21.4,22.98,2024-01-01 00:01:14,-0.0780171,-0.0772023,-0.077406,-0.0769986,-0.07842450000000001,-0.0802578,-0.46810260000000004
3.82,3.79,3.81,3.82,3.81,3.86,-17.25,21.4,22.91,2024-01-01 00:01:15,-0.065895,-0.06537749999999999,-0.0657225,-0.065895,-0.0657225,-0.06658499999999999,-0.3951975
3.81,3.8,3.8,3.79,3.84,3.8,-12.87,21.4,22.84,2024-01-01 00:01:17,-0.0490347,-0.04890599999999999,-0.04890599999999999,-0.048777299999999996,-0.049420799999999994,-0.04890599999999999,-0.29395079999999996
3.83,3.78,3.86,3.81,3.82,3.93,64.08,21.4,23.03,2024-01-01 00:01:18,0.2454264,0.2422224,0.24734879999999998,0.2441448,0.2447856,0.2518344,1.4757624
3.84,3.79,3.84,3.81,3.75,4.01,66.79,21.4,23.04,2024-01-01 00:01:20,0.2564736,0.25313410000000003,0.2564736,0.2544699,0.25046250000000003,0.2678279,1.5388416000000003
3.83,3.8,3.81,3.83,3.81,3.94,67.04,21.4,23.03,2024-01-01 00:01:21,0.2567632,0.25475200000000003,0.25542240000000005,0.2567632,0.25542240000000005,0.26413760000000003,1.5439312000000003
3.81,3.81,3.86,3.76,3.79,4.09,109.58,21.4,23.12,2024-01-01 00:01:23,0.4174998,0.4174998,0.4229788,0.41202079999999996,0.4153082,0.4481822,2.5334896
3.84,3.81,3.86,3.87,3.82,3.94,155.96,21.4,23.13,2024-01-01 00:01:24,0.5988863999999999,0.5942076000000001,0.6020055999999999,0.6035652,0.5957672,0.6144824,3.6073548
3.85,3.81,3.84,3.91,3.82,4.05,250.54,21.4,23.28,2024-01-01 00:01:26,0.964579,0.9545574,0.9620736,0.9796114,0.9570627999999999,1.014687,5.8325712
3.88,3.84,3.85,3.89,3.71,4.11,268.67,21.4,23.28,2024-01-01 00:01:27,1.0424396,1.0316928,1.0343795,1.0451263000000002,0.9967657000000001,1.1042337000000002,6.254637600000001
3.89,3.82,3.86,3.88,3.81,4.0,307.33,21.4,23.26,2024-01-01 00:01:29,1.1955137,1.1740005999999998,1.1862937999999998,1.1924404,1.1709273,1.22932,7.1484958
3.95,3.86,3.86,3.95,3.85,4.12,496.17,21.4,23.59,2024-01-01 00:01:30,1.9598715000000002,1.9152162000000001,1.9152162000000001,1.9598715000000002,1.9102545,2.0442204,11.7046503
3.95,3.9,3.81,3.93,3.94,4.06,496.83,21.4,23.59,2024-01-01 00:01:32,1.9624785,1.937637,1.8929223,1.9525419,1.9575102,2.0171297999999998,11.7202197
3.96,3.85,3.89,3.92,3.87,4.09,490.58,21.4,23.57,2024-01-01 00:01:33,1.9426968,1.888733,1.9083561999999998,1.9230736,1.8985446,2.0064722,11.5629706
3.94,3.89,3.91,3.88,3.92,4.07,518.67,21.4,23.6,2024-01-01 00:01:35,2.0435597999999997,2.0176263,2.0279996999999996,2.0124395999999996,2.0331864,2.1109869,12.240611999999999
3.93,3.88,3.88,3.95,3.81,4.11,504.96,21.4,23.56,2024-01-01 00:01:36,1.9844928,1.9592448,1.9592448,1.9945920000000001,1.9238976,2.0753856,11.896857599999999
3.95,3.9,3.86,3.91,3.92,4.08,503.04,21.4,23.61,2024-01-01 00:01:38,1.9870080000000003,1.961856,1.9417344,1.9668864000000001,1.9719168,2.0524032,11.8767744
3.95,3.87,3.91,3.84,3.92,4.07,500.21,21.4,23.56,2024-01-01 00:01:39,1.9758295000000001,1.9358127,1.9558210999999999,1.9208064,1.9608231999999999,2.0358547000000002,11.784947599999999
3.94,3.87,3.85,3.95,3.87,4.06,499.75,21.4,23.54,2024-01-01 00:01:41,1.969015,1.9340325,1.9240375,1.9740125,1.9340325,2.028985,11.764115
3.94,3.88,3.88,3.9,3.94,3.9,500.25,21.4,23.44,2024-01-01 00:01:42,1.970985,1.94097,1.94097,1.950975,1.970985,1.950975,11.72586
3.94,3.88,3.89,3.93,3.85,4.09,489.08,21.4,23.58,2024-01-01 00:01:44,1.9269751999999998,1.8976303999999997,1.9025211999999998,1.9220844,1.8829580000000001,2.0003372,11.532506399999999
3.95,3.9,3.88,3.93,3.87,4.1,494.92,21.4,23.63,2024-01-01 00:01:45,1.9549340000000002,1.930188,1.9202896,1.9450356000000002,1.9153404,2.029172,11.6949596
3.81,3.81,3.84,3.82,3.79,3.72,-26.83,21.4,22.78,2024-01-01 00:01:47,-0.10222229999999999,-0.10222229999999999,-0.1030272,-0.10249059999999999,-0.1016857,-0.0998076,-0.6111874
3.81,3.81,3.83,3.82,3.79,3.97,-50.58,21.4,23.02,2024-01-01 00:01:48,-0.19270980000000001,-0.19270980000000001,-0.1937214,-0.1932156,-0.19169819999999999,-0.20080260000000003,-1.1643516
3.82,3.78,3.83,3.83,3.81,3.93,-26.87,21.4,23.01,2024-01-01 00:01:50,-0.1026434,-0.10156860000000001,-0.1029121,-0.1029121,-0.1023747,-0.1055991,-0.6182787000000001
3.81,3.81,3.79,3.83,3.77,3.95,-26.92,21.4,22.96,2024-01-01 00:01:51,-0.10256520000000001,-0.10256520000000001,-0.10202680000000001,-0.10310360000000002,-0.1014884,-0.10633400000000001,-0.6180832
3.99,3.88,3.89,3.89,3.91,4.09,497.92,21.4,23.67,2024-01-01 00:01:53,1.9867008000000002,1.9319296,1.9369088,1.9369088,1.9468672000000002,2.0364928,11.7857664
3.93,3.89,3.89,3.92,3.85,4.03,488.25,21.4,23.51,2024-01-01 00:01:54,1.9188225,1.8992925,1.8992925,1.91394,1.8797625,1.9676475,11.478757500000002
3.95,3.88,3.88,3.94,3.9,4.03,491.17,21.4,23.58,2024-01-01 00:01:56,1.9401215000000003,1.9057396000000002,1.9057396000000002,1.9352098,1.9155630000000001,1.9794151000000002,11.5817886
3.95,3.89,3.86,3.86,3.94,4.1,491.17,21.4,23.6,2024-01-01 00:01:57,1.9401215000000003,1.9106513000000003,1.8959161999999998,1.8959161999999998,1.9352098,2.013797,11.591612000000001
3.95,3.89,3.89,3.88,3.96,4.04,487.96,21.4,23.61,2024-01-01 00:01:59,1.927442,1.8981644,1.8981644,1.8932848,1.9323216,1.9713584,11.5207356
3.96,3.86,3.91,3.93,3.82,4.13,487.12,21.4,23.61,2024-01-01 00:02:00,1.9289952000000001,1.8802831999999998,1.9046392,1.9143816000000002,1.8607984,2.0118055999999997,11.5009032
3.97,3.87,3.87,3.92,3.94,4.01,485.17,21.4,23.59,2024-01-01 00:02:02,1.9261249000000003,1.8776079,1.8776079,1.9018664,1.9115698,1.9455317,11.4451603
3.97,3.91,3.84,3.94,3.92,4.15,486.42,21.4,23.74,2024-01-01 00:02:03,1.9310874,1.9019022000000003,1.8678527999999999,1.9164948,1.9067664,2.0186430000000004,11.547610800000001
3.98,3.88,3.89,3.95,3.81,4.2,485.33,21.4,23.71,2024-01-01 00:02:05,1.9316134,1.8830803999999999,1.8879337,1.9170535,1.8491072999999998,2.038386,11.5071743
3.98,3.87,3.91,3.94,3.87,4.13,482.92,21.4,23.71,2024-01-01 00:02:06,1.9220216,1.8689004000000002,1.8882172000000002,1.9027048,1.8689004000000002,1.9944595999999999,11.450033200000002
3.98,3.88,3.88,3.98,3.87,4.04,475.42,21.4,23.63,2024-01-01 00:02:08,1.8921716000000002,1.8446296,1.8446296,1.8921716000000002,1.8398754000000002,1.9206968000000002,11.234174600000001
3.97,3.87,3.9,3.94,3.92,4.1,474.08,21.4,23.71,2024-01-01 00:02:09,1.8820976,1.8346896,1.8489119999999999,1.8678751999999998,1.8583935999999999,1.943728,11.2404368
3.99,3.89,3.91,3.94,3.91,4.15,598.5,21.4,23.79,2024-01-01 00:02:11,2.388015,2.328165,2.340135,2.3580900000000002,2.340135,2.483775,14.238314999999998
4.01,3.9,3.91,3.95,3.94,4.06,601.5,21.4,23.77,2024-01-01 00:02:12,2.412015,2.34585,2.351865,2.375925,2.36991,2.44209,14.297654999999999
3.86,3.79,3.85,3.78,3.9,3.9,-25.29,21.4,23.08,2024-01-01 00:02:14,-0.0976194,-0.09584909999999999,-0.09736650000000001,-0.09559619999999999,-0.098631,-0.098631,-0.5836931999999999
3.86,3.82,3.81,3.78,3.88,3.96,-24.79,21.4,23.13,2024-01-01 00:02:15,-0.0956894,-0.09469779999999998,-0.0944499,-0.09370619999999999,-0.0961852,-0.09816839999999999,-0.5733927
3.86,3.79,3.84,3.8,3.82,4.0,-24.0,21.4,23.12,2024-01-01 00:02:17,-0.09264,-0.09096000000000001,-0.09215999999999999,-0.09119999999999999,-0.09168,-0.096,-0.55488
3.87,3.8,3.82,3.81,3.87,4.06,-22.87,21.4,23.24,2024-01-01 00:02:18,-0.0885069,-0.08690600000000001,-0.0873634,-0.08713470000000001,-0.0885069,-0.0928522,-0.5314987999999999
3.89,3.78,3.82,3.8,3.88,3.98,-20.42,21.4,23.15,2024-01-01 00:02:20,-0.0794338,-0.07718760000000001,-0.0780044,-0.077596,-0.07922960000000001,-0.08127160000000001,-0.472723
3.87,3.79,3.83,3.9,3.78,3.91,-15.92,21.4,23.08,2024-01-01 00:02:21,-0.061610399999999996,-0.0603368,-0.060973599999999996,-0.062088000000000004,-0.0601776,-0.0622472,-0.36743359999999997
3.88,3.81,3.78,3.94,3.76,3.94,-10.17,21.4,23.11,2024-01-01 00:02:23,-0.039459600000000004,-0.0387477,-0.0384426,-0.0400698,-0.038239199999999994,-0.0400698,-0.23502869999999998
3.86,3.81,3.82,3.79,3.89,3.93,-2.37,21.4,23.1,2024-01-01 00:02:24,-0.0091482,-0.0090297,-0.0090534,-0.0089823,-0.0092193,-0.009314100000000002,-0.054747000000000004
3.86,3.8,3.84,3.78,3.88,3.93,8.13,21.4,23.1,2024-01-01 00:02:26,0.0313818,0.030894,0.0312192,0.0307314,0.0315444,0.031950900000000004,0.18780300000000003
3.84,3.82,3.84,3.81,3.84,3.93,22.08,21.4,23.08,2024-01-01 00:02:27,0.08478719999999998,0.08434559999999999,0.08478719999999998,0.0841248,0.08478719999999998,0.0867744,0.5096063999999999
3.83,3.81,3.85,3.79,3.87,3.96,43.25,21.4,23.12,2024-01-01 00:02:29,0.1656475,0.1647825,0.1665125,0.1639175,0.16737749999999998,0.17127,0.99994
3.85,3.8,3.86,3.79,3.89,3.92,63.88,21.4,23.1,2024-01-01 00:02:30,0.24593800000000002,0.242744,0.24657679999999998,0.24210520000000002,0.24849320000000003,0.2504096,1.4756280000000002
3.86,3.82,3.84,3.77,3.9,3.84,86.08,21.4,23.04,2024-01-01 00:02:32,0.3322688,0.32882559999999994,0.3305472,0.32452159999999997,0.335712,0.3305472,1.9832831999999998
3.88,3.79,3.83,3.86,3.84,3.99,109.5,21.4,23.2,2024-01-01 00:02:33,0.42486,0.415005,0.419385,0.42266999999999993,0.42047999999999996,0.43690500000000004,2.5404
3.9,3.83,3.83,3.95,3.79,3.95,138.25,21.4,23.24,2024-01-01 00:02:35,0.539175,0.5294975000000001,0.5294975000000001,0.5460875,0.5239674999999999,0.5460875,3.2129299999999996
3.92,3.82,3.85,3.79,3.91,4.0,174.58,21.4,23.29,2024-01-01 00:02:36,0.6843536,0.6668956,0.6721330000000001,0.6616582000000001,0.6826078000000001,0.69832,4.0659682
3.93,3.83,3.85,3.87,3.86,4.0,206.29,21.4,23.34,2024-01-01 00:02:38,0.8107197,0.7900906999999999,0.7942165,0.7983423000000001,0.7962793999999999,0.82516,4.814808599999999
3.94,3.85,3.82,3.9,3.87,4.01,243.58,21.4,23.39,2024-01-01 00:02:39,0.9597052,0.937783,0.9304756,0.949962,0.9426546000000001,0.9767558000000001,5.6973362000000005
3.95,3.77,3.91,3.87,3.87,4.06,277.67,21.4,23.42,2024-01-01 00:02:41,1.0967965000000002,1.0468159000000001,1.0856897,1.0745829,1.0745829,1.1273402,6.503031400000001
3.95,3.85,3.86,3.86,3.94,3.99,317.08,21.4,23.45,2024-01-01 00:02:42,1.2524659999999999,1.220758,1.2239288,1.2239288,1.2492952,1.2651492,7.435525999999999
3.96,3.87,3.87,3.83,3.96,3.96,352.21,21.4,23.43,2024-01-01 00:02:44,1.3947515999999998,1.3630527,1.3630527,1.3489642999999998,1.3947515999999998,1.3947515999999998,8.252280299999999
3.96,3.85,3.88,3.91,3.9,4.06,396.25,21.4,23.56,2024-01-01 00:02:45,1.56915,1.5255625,1.53745,1.5493375,1.545375,1.6087749999999998,9.33565
3.97,3.87,3.88,3.89,3.92,4.05,435.79,21.4,23.59,2024-01-01 00:02:47,1.7300863000000002,1.6865073000000002,1.6908652,1.6952231000000002,1.7082968,1.7649495,10.280286100000001
3.94,3.88,3.91,3.87,3.87,4.14,437.87,21.4,23.61,2024-01-01 00:02:48,1.7252078,1.6989356,1.7120717,1.6945569,1.6945569,1.8127818,10.3381107
3.95,3.88,3.86,3.96,3.85,4.08,438.46,21.4,23.57,2024-01-01 00:02:50,1.731917,1.7012247999999999,1.6924555999999997,1.7363016,1.6880709999999999,1.7889168,10.3345022
3.94,3.9,3.86,3.91,3.93,3.99,434.42,21.4,23.54,2024-01-01 00:02:51,1.7116148,1.6942380000000001,1.6768612,1.6985822000000002,1.7072706,1.7333358,10.2262468
3.94,3.85,3.87,3.94,3.92,4.06,430.67,21.4,23.59,2024-01-01 00:02:53,1.6968398,1.6580795000000002,1.6666929,1.6968398,1.6882264,1.7485202,10.159505300000001
3.93,3.89,3.86,3.91,3.9,4.08,432.87,21.4,23.58,2024-01-01 00:02:54,1.7011791,1.6838643000000002,1.6708782,1.6925217,1.688193,1.7661096,10.2070746
3.95,3.9,3.87,3.93,3.9,4.11,431.83,21.4,23.65,2024-01-01 00:02:56,1.7057285,1.684137,1.6711821,1.6970919,1.684137,1.7748213000000002,10.212779499999998
3.92,3.91,3.87,3.91,3.92,4.11,431.67,21.4,23.65,2024-01-01 00:02:57,1.6921464000000002,1.6878297000000002,1.6705629000000002,1.6878297000000002,1.6921464000000002,1.7741637000000003,10.208995499999999
3.93,3.9,3.86,3.92,3.92,4.04,430.21,21.4,23.58,2024-01-01 00:02:59,1.6907253,1.677819,1.6606106,1.6864232,1.6864232,1.7380483999999998,10.144351799999999
3.94,3.88,3.9,3.92,3.9,4.09,433.92,21.4,23.63,2024-01-01 00:03:00,1.7096448,1.6836096,1.692288,1.7009664,1.692288,1.7747328,10.2535296
3.94,3.86,3.89,3.95,3.9,4.03,433.17,21.4,23.57,2024-01-01 00:03:02,1.7066898000000001,1.6720362,1.6850313000000001,1.7110215,1.689363,1.7456751000000001,10.2098169
3.94,3.87,3.95,3.86,3.91,4.04,432.33,21.4,23.57,2024-01-01 00:03:03,1.7033801999999998,1.6731171,1.7077035,1.6687938,1.6904103,1.7466132,10.1900181
3.95,3.89,3.89,3.9,3.94,4.02,429.08,21.4,23.59,2024-01-01 00:03:05,1.694866,1.6691212,1.6691212,1.673412,1.6905752,1.7249015999999997,10.1219972
3.94,3.9,3.89,3.93,3.94,4.03,430.46,21.4,23.63,2024-01-01 00:03:06,1.6960123999999999,1.678794,1.6744894,1.6917077999999999,1.6960123999999999,1.7347538,10.171769799999998
3.94,3.87,3.87,3.95,3.91,4.01,432.0,21.4,23.55,2024-01-01 00:03:08,1.70208,1.6718400000000002,1.6718400000000002,1.7064000000000001,1.6891200000000002,1.7323199999999999,10.1736
3.95,3.89,3.89,3.91,3.95,4.05,430.37,21.4,23.63,2024-01-01 00:03:09,1.6999615000000001,1.6741393,1.6741393,1.6827467,1.6999615000000001,1.7429985,10.1696431
3.94,3.87,3.88,3.98,3.86,4.05,428.37,21.4,23.59,2024-01-01 00:03:11,1.6877778,1.6577919,1.6620755999999999,1.7049126000000001,1.6535082,1.7348985000000001,10.1052483
3.95,3.89,3.9,3.9,3.91,4.06,431.46,21.4,23.62,2024-01-01 00:03:12,1.704267,1.6783794,1.682694,1.682694,1.6870086,1.7517275999999997,10.1910852
3.95,3.92,3.86,3.91,3.85,4.13,431.67,21.4,23.62,2024-01-01 00:03:14,1.7050965,1.6921464000000002,1.6662462,1.6878297000000002,1.6619295000000003,1.7827971,10.196045400000001
3.97,3.88,3.87,3.99,3.87,4.08,429.62,21.4,23.66,2024-01-01 00:03:15,1.7055914,1.6669256000000001,1.6626294,1.7141838,1.6626294,1.7528496,10.1648092
3.99,3.86,3.89,3.97,3.87,4.03,425.75,21.4,23.62,2024-01-01 00:03:17,1.6987425,1.643395,1.6561675,1.6902275000000002,1.6476525000000002,1.7157725000000001,10.056215
4.0,3.85,3.86,4.01,3.88,4.05,427.71,21.4,23.65,2024-01-01 00:03:18,1.71084,1.6466835,1.6509606,1.7151170999999998,1.6595148,1.7322254999999998,10.115341499999998
4.0,3.86,3.89,3.99,3.89,4.05,430.04,21.4,23.67,2024-01-01 00:03:20,1.7201600000000001,1.6599544000000002,1.6728556,1.7158596000000002,1.6728556,1.741662,10.179046800000002
3.97,3.89,3.89,3.93,3.89,4.09,426.92,21.4,23.67,2024-01-01 00:03:21,1.6948724000000002,1.6607188000000002,1.6607188000000002,1.6777956,1.6607188000000002,1.7461028,10.1051964
3.95,3.91,3.89,3.97,3.86,4.15,425.37,21.4,23.73,2024-01-01 00:03:23,1.6802115000000002,1.6631967,1.6546893,1.6887189,1.6419282000000002,1.7652855000000003,10.0940301
3.96,3.89,3.9,3.97,3.88,4.06,426.79,21.4,23.66,2024-01-01 00:03:24,1.6900884,1.6602131000000002,1.664481,1.6943563000000001,1.6559452000000001,1.7327674,10.097851400000001
3.97,3.87,3.89,3.97,3.87,4.09,429.37,21.4,23.67,2024-01-01 00:03:26,1.7045989000000001,1.6616619000000001,1.6702493000000003,1.7045989000000001,1.6616619000000001,1.7561233,10.1631879
3.95,3.9,3.89,3.96,3.9,4.1,427.25,21.4,23.69,2024-01-01 00:03:27,1.6876375000000001,1.666275,1.6620025,1.69191,1.666275,1.751725,10.1215525
3.91,3.94,3.83,3.96,3.91,4.1,424.21,21.4,23.66,2024-01-01 00:03:29,1.6586611,1.6713873999999997,1.6247242999999998,1.6798716,1.6586611,1.7392609999999997,10.0368086
3.95,3.89,3.91,3.94,3.89,4.05,423.33,21.4,23.62,2024-01-01 00:03:30,1.6721535,1.6467536999999999,1.6552202999999999,1.6679202,1.6467536999999999,1.7144864999999998,9.9990546
3.95,3.88,3.9,3.95,3.9,4.04,426.92,21.4,23.62,2024-01-01 00:03:32,1.686334,1.6564496,1.6649880000000001,1.686334,1.6649880000000001,1.7247568000000002,10.083850400000001
3.95,3.89,3.91,3.94,3.86,4.07,424.17,21.4,23.62,2024-01-01 00:03:33,1.6754715,1.6500213000000001,1.6585047000000002,1.6712298,1.6372962,1.7263719000000002,10.018895400000002
3.96,3.88,3.89,3.97,3.87,4.02,414.37,21.4,23.6,2024-01-01 00:03:35,1.6409052,1.6077556,1.6118993000000001,1.6450489,1.6036119000000002,1.6657674,9.779132
3.96,3.89,3.9,3.93,3.9,4.11,427.08,21.4,23.7,2024-01-01 00:03:36,1.6912368,1.6613412,1.6656119999999999,1.6784244000000001,1.6656119999999999,1.7552988,10.121795999999998
3.98,3.86,3.94,3.93,3.93,4.08,427.25,21.4,23.71,2024-01-01 00:03:38,1.7004549999999998,1.649185,1.683365,1.6790924999999999,1.6790924999999999,1.7431800000000002,10.1300975
3.97,3.88,3.92,3.95,3.86,3.92,423.58,21.4,23.51,2024-01-01 00:03:39,1.6816126,1.6434904,1.6604335999999997,1.673141,1.6350187999999999,1.6604335999999997,9.9583658
3.98,3.87,3.92,3.93,3.91,4.05,422.0,21.4,23.66,2024-01-01 00:03:41,1.67956,1.63314,1.65424,1.65846,1.65002,1.7090999999999998,9.98452
3.97,3.89,3.9,3.88,3.98,4.08,421.67,21.4,23.7,2024-01-01 00:03:42,1.6740299000000003,1.6402963000000002,1.644513,1.6360796,1.6782466,1.7204136,9.993579
3.98,3.87,3.92,3.88,3.97,4.09,425.17,21.4,23.71,2024-01-01 00:03:44,1.6921766,1.6454079000000001,1.6666664,1.6496596,1.6879249000000003,1.7389453000000001,10.080780700000002
3.98,3.88,3.9,3.89,3.99,4.08,423.54,21.4,23.71,2024-01-01 00:03:45,1.6856892,1.6433351999999999,1.651806,1.6475706000000003,1.6899246000000003,1.7280432000000001,10.0421334
3.99,3.87,3.91,4.0,3.8,4.14,421.92,21.4,23.71,2024-01-01 00:03:47,1.6834608,1.6328304,1.6497072000000002,1.68768,1.603296,1.7467487999999998,10.0037232
3.89,3.81,3.83,3.85,3.86,3.94,-26.04,21.4,23.19,2024-01-01 00:03:48,-0.1012956,-0.0992124,-0.0997332,-0.10025400000000001,-0.10051439999999999,-0.1025976,-0.6038676000000001
3.9,3.81,3.84,3.95,3.74,3.99,-25.92,21.4,23.24,2024-01-01 00:03:50,-0.10108800000000001,-0.0987552,-0.0995328,-0.10238400000000002,-0.09694080000000001,-0.10342080000000001,-0.6023808
3.89,3.78,3.84,3.84,3.69,4.11,-25.92,21.4,23.16,2024-01-01 00:03:51,-0.10082880000000001,-0.0979776,-0.0995328,-0.0995328,-0.0956448,-0.1065312,-0.6003072
3.87,3.82,3.88,3.81,3.86,3.91,-25.83,21.4,23.16,2024-01-01 00:03:53,-0.0999621,-0.0986706,-0.10022039999999999,-0.09841230000000001,-0.09970379999999998,-0.1009953,-0.5982228
3.87,3.82,3.82,3.87,3.83,4.01,-25.58,21.4,23.23,2024-01-01 00:03:54,-0.09899459999999999,-0.0977156,-0.0977156,-0.09899459999999999,-0.09797139999999999,-0.10257579999999998,-0.5942234
3.85,3.84,3.83,3.84,3.84,3.94,-24.87,21.4,23.14,2024-01-01 00:03:56,-0.09574950000000002,-0.0955008,-0.09525209999999999,-0.0955008,-0.0955008,-0.09798780000000001,-0.5754918
3.84,3.78,3.9,3.81,3.85,4.01,-23.92,21.4,23.18,2024-01-01 00:03:57,-0.0918528,-0.0904176,-0.09328800000000001,-0.09113520000000001,-0.09209200000000001,-0.09591920000000001,-0.5544656
3.84,3.82,3.84,3.84,3.95,3.82,-22.67,21.4,23.11,2024-01-01 00:03:59,-0.0870528,-0.0865994,-0.0870528,-0.0870528,-0.08954650000000001,-0.0865994,-0.5239037000000001
3.83,3.8,3.88,3.81,3.88,3.93,-20.62,21.4,23.13,2024-01-01 00:04:00,-0.0789746,-0.078356,-0.0800056,-0.0785622,-0.0800056,-0.0810366,-0.4769406
3.84,3.83,3.84,3.79,3.83,4.01,-17.04,21.4,23.14,2024-01-01 00:04:02,-0.0654336,-0.0652632,-0.0654336,-0.06458159999999999,-0.0652632,-0.0683304,-0.3943056
3.81,3.84,3.88,3.75,3.86,4.01,-10.79,21.4,23.14,2024-01-01 00:04:03,-0.0411099,-0.0414336,-0.04186519999999999,-0.0404625,-0.041649399999999996,-0.0432679,-0.2496806
3.84,3.83,3.84,3.82,3.87,3.93,-1.83,21.4,23.13,2024-01-01 00:04:05,-0.0070272,-0.0070089,-0.0070272,-0.0069906,-0.007082100000000001,-0.0071919,-0.0423279
3.84,3.81,3.84,3.85,3.83,3.97,8.87,21.4,23.15,2024-01-01 00:04:06,0.034060799999999995,0.0337947,0.034060799999999995,0.0341495,0.0339721,0.03521389999999999,0.20534049999999995
3.83,3.83,3.83,3.84,3.97,3.75,20.83,21.4,23.06,2024-01-01 00:04:08,0.0797789,0.0797789,0.0797789,0.07998719999999998,0.0826951,0.0781125,0.48033979999999993
3.85,3.83,3.81,3.9,3.82,3.93,38.04,21.4,23.13,2024-01-01 00:04:09,0.146454,0.1456932,0.1449324,0.148356,0.1453128,0.1494972,0.8798652
3.85,3.85,3.83,3.95,3.59,4.15,61.08,21.4,23.22,2024-01-01 00:04:11,0.23515799999999998,0.23515799999999998,0.2339364,0.24126599999999998,0.2192772,0.25348200000000004,1.4182776
3.89,3.84,3.85,3.86,3.86,3.96,87.33,21.4,23.25,2024-01-01 00:04:12,0.3397137,0.3353472,0.33622050000000003,0.3370938,0.3370938,0.3458268,2.0304225
3.88,3.86,3.84,3.88,3.86,3.97,111.0,21.4,23.28,2024-01-01 00:04:14,0.43068,0.42845999999999995,0.42624,0.43068,0.42845999999999995,0.44067,2.5840799999999997
3.91,3.84,3.84,3.89,3.89,3.98,136.92,21.4,23.34,2024-01-01 00:04:15,0.5353571999999999,0.5257727999999999,0.5257727999999999,0.5326188,0.5326188,0.5449416,3.1957128
3.94,3.83,3.86,3.88,3.86,3.98,167.62,21.4,23.35,2024-01-01 00:04:17,0.6604228000000001,0.6419846,0.6470132,0.6503656,0.6470132,0.6671276,3.913927
3.94,3.85,3.87,3.84,3.94,3.96,201.0,21.4,23.39,2024-01-01 00:04:18,0.79194,0.77385,0.77787,0.77184,0.79194,0.79596,4.70139
3.92,3.85,3.86,3.87,3.91,3.86,203.17,21.4,23.27,2024-01-01 00:04:20,0.7964264,0.7822045,0.7842361999999999,0.7862678999999999,0.7943946999999999,0.7842361999999999,4.7277659
3.94,3.84,3.86,3.89,3.89,4.02,202.96,21.4,23.42,2024-01-01 00:04:21,0.7996624,0.7793664,0.7834256,0.7895144000000001,0.7895144000000001,0.8158991999999999,4.7533232000000005
3.93,3.83,3.86,3.89,3.94,3.96,198.58,21.4,23.41,2024-01-01 00:04:23,0.7804194000000001,0.7605614,0.7665188000000001,0.7724762000000001,0.7824052,0.7863768,4.6487578
3.94,3.85,3.87,3.86,3.93,4.0,236.67,21.4,23.45,2024-01-01 00:04:24,0.9324798,0.9111794999999999,0.9159128999999999,0.9135461999999999,0.9301131,0.94668,5.549911499999999
3.93,3.86,3.87,3.92,3.88,4.0,239.96,21.4,23.45,2024-01-01 00:04:26,0.9430428000000001,0.9262456,0.9286452000000001,0.9406432,0.9310448,0.95984,5.627062
3.94,3.85,3.86,3.86,3.93,3.99,240.58,21.4,23.44,2024-01-01 00:04:27,0.9478852000000001,0.9262330000000001,0.9286388000000001,0.9286388000000001,0.9454794000000001,0.9599142,5.639195200000001
3.95,3.84,3.85,3.93,3.89,3.99,238.92,21.4,23.44,2024-01-01 00:04:29,0.9437340000000001,0.9174528,0.9198419999999999,0.9389556,0.9293988,0.9532908,5.600284800000001
3.95,3.84,3.88,3.86,3.9,4.07,223.25,21.4,23.5,2024-01-01 00:04:30,0.8818375,0.8572799999999999,0.8662099999999999,0.861745,0.870675,0.9086275,5.246375
3.94,3.84,3.88,3.86,3.93,3.99,235.54,21.4,23.44,2024-01-01 00:04:32,0.9280276,0.9044735999999999,0.9138951999999999,0.9091844,0.9256722,0.9398046000000001,5.5210576
3.93,3.85,3.85,3.92,3.83,4.06,239.92,21.4,23.44,2024-01-01 00:04:33,0.9428856,0.923692,0.923692,0.9404864,0.9188936,0.9740751999999999,5.6237248
3.93,3.84,3.89,3.83,3.96,3.92,240.25,21.4,23.37,2024-01-01 00:04:35,0.9441825,0.9225599999999999,0.9345725,0.9201575000000001,0.95139,0.94178,5.6146424999999995
3.92,3.87,3.88,3.87,3.9,4.01,237.29,21.4,23.44,2024-01-01 00:04:36,0.9301767999999999,0.9183123000000001,0.9206851999999999,0.9183123000000001,0.9254309999999999,0.9515328999999999,5.5620776
3.91,3.87,3.83,3.89,3.93,4.0,236.25,21.4,23.43,2024-01-01 00:04:38,0.9237375000000001,0.9142875,0.9048375,0.9190125,0.9284625000000001,0.945,5.5353375
3.92,3.83,3.91,3.85,3.93,4.0,240.17,21.4,23.44,2024-01-01 00:04:39,0.9414663999999999,0.9198510999999999,0.9390647,0.9246544999999999,0.9438681,0.96068,5.6295848
3.91,3.87,3.9,3.83,3.95,3.89,238.75,21.4,23.34,2024-01-01 00:04:41,0.9335125000000001,0.9239625,0.931125,0.9144125000000001,0.9430625,0.9287375000000001,5.572425
3.9,3.86,3.9,3.86,3.91,3.89,238.25,21.4,23.31,2024-01-01 00:04:42,0.929175,0.9196449999999999,0.929175,0.9196449999999999,0.9315575,0.9267925,5.5536075
3.9,3.87,3.89,3.85,3.92,3.96,235.54,21.4,23.38,2024-01-01 00:04:44,0.918606,0.9115398,0.9162505999999999,0.906829,0.9233167999999999,0.9327384,5.5069251999999995
3.89,3.93,3.81,3.89,3.89,3.95,222.71,21.4,23.35,2024-01-01 00:04:45,0.8663419,0.8752503,0.8485251,0.8663419,0.8663419,0.8797045,5.2002785000000005
3.89,3.84,3.91,3.87,3.9,3.97,240.25,21.4,23.38,2024-01-01 00:04:47,0.9345725,0.9225599999999999,0.9393775000000001,0.9297675000000001,0.936975,0.9537925,5.617045
3.89,3.87,3.89,3.88,3.85,4.03,238.46,21.4,23.41,2024-01-01 00:04:48,0.9276094,0.9228402000000001,0.9276094,0.9252248,0.9180710000000001,0.9609938000000001,5.5823486
3.89,3.83,3.93,3.84,4.1,3.93,236.79,21.4,23.53,2024-01-01 00:04:50,0.9211131,0.9069057,0.9305847,0.9092736,0.9708389999999998,0.9305847,5.5716687
3.89,3.88,3.84,3.91,3.92,4.0,235.12,21.4,23.43,2024-01-01 00:04:51,0.9146168,0.9122655999999999,0.9028608,0.9193192,0.9216704,0.94048,5.5088616
3.89,3.85,3.87,3.98,3.82,4.03,240.12,21.4,23.43,2024-01-01 00:04:53,0.9340668000000001,0.924462,0.9292644,0.9556776,0.9172583999999999,0.9676836000000001,5.6260116
3.89,3.88,3.86,3.91,3.83,3.97,240.58,21.4,23.35,2024-01-01 00:04:54,0.9358562,0.9334504,0.9286388000000001,0.9406678,0.9214214000000001,0.9551026,5.617543
3.89,3.88,3.85,3.9,3.94,3.76,239.75,21.4,23.23,2024-01-01 00:04:56,0.9326275,0.93023,0.9230375000000001,0.935025,0.944615,0.9014599999999999,5.5693925
3.9,3.85,3.86,3.92,3.9,4.01,234.58,21.4,23.44,2024-01-01 00:04:57,0.9148620000000001,0.9031330000000001,0.9054788,0.9195536000000001,0.9148620000000001,0.9406658,5.498555200000001
3.89,3.88,3.88,3.84,3.85,4.07,236.25,21.4,23.42,2024-01-01 00:04:59,0.9190125,0.91665,0.91665,0.9071999999999999,0.9095625,0.9615375,5.532975
3.9,3.85,3.83,3.96,3.79,4.1,240.75,21.4,23.43,2024-01-01 00:05:00,0.938925,0.9268875000000001,0.9220725,0.95337,0.9124425,0.9870749999999999,5.6407725
3.9,3.87,3.85,3.9,3.91,4.01,239.92,21.4,23.44,2024-01-01 00:05:02,0.9356879999999999,0.9284904,0.923692,0.9356879999999999,0.9380871999999999,0.9620791999999999,5.6237248
3.9,3.87,3.88,3.88,3.93,4.0,236.92,21.4,23.44,2024-01-01 00:05:03,0.9239879999999999,0.9168804,0.9192495999999999,0.9192495999999999,0.9310956,0.94768,5.5534048
3.89,3.88,3.82,3.93,3.89,4.02,237.08,21.4,23.43,2024-01-01 00:05:05,0.9222412000000001,0.9198704,0.9056456,0.9317244,0.9222412000000001,0.9530616,5.554784400000001
3.89,3.87,3.9,3.89,3.86,4.02,238.54,21.4,23.42,2024-01-01 00:05:06,0.9279206,0.9231498,0.930306,0.9279206,0.9207643999999999,0.9589307999999999,5.5866068
3.91,3.85,3.87,3.87,3.92,4.16,239.17,21.4,23.59,2024-01-01 00:05:08,0.9351546999999999,0.9208044999999999,0.9255879,0.9255879,0.9375464,0.9949471999999999,5.6420202999999995
3.89,3.84,3.89,3.89,3.9,4.03,238.96,21.4,23.44,2024-01-01 00:05:09,0.9295544000000001,0.9176064,0.9295544000000001,0.9295544000000001,0.931944,0.9630088000000001,5.6012224
3.89,3.85,3.89,3.93,3.9,3.99,236.29,21.4,23.44,2024-01-01 00:05:11,0.9191680999999999,0.9097165,0.9191680999999999,0.9286196999999999,0.921531,0.9427971,5.5386376
3.89,3.85,3.9,3.9,3.87,4.03,237.67,21.4,23.45,2024-01-01 00:05:12,0.9245363,0.9150294999999999,0.9269129999999999,0.9269129999999999,0.9197829,0.9578101,5.5733615
3.9,3.87,3.88,3.89,3.91,3.99,241.83,21.4,23.44,2024-01-01 00:05:14,0.943137,0.9358821,0.9383003999999999,0.9407187000000001,0.9455553000000001,0.9649017000000001,5.668495200000001
3.89,3.85,3.89,3.91,3.91,3.92,239.58,21.4,23.37,2024-01-01 00:05:15,0.9319662000000001,0.9223830000000001,0.9319662000000001,0.9367578000000001,0.9367578000000001,0.9391536,5.5989846000000005
3.91,3.84,3.91,3.87,3.91,4.0,237.29,21.4,23.44,2024-01-01 00:05:17,0.9278039,0.9111935999999999,0.9278039,0.9183123000000001,0.9278039,0.94916,5.5620776
3.9,3.85,3.88,3.88,3.93,3.95,235.33,21.4,23.39,2024-01-01 00:05:18,0.917787,0.9060205000000001,0.9130804,0.9130804,0.9248469000000001,0.9295535000000001,5.5043687
3.9,3.87,3.88,3.88,3.91,4.0,241.46,21.4,23.44,2024-01-01 00:05:20,0.9416939999999999,0.9344502000000001,0.9368648,0.9368648,0.9441086000000001,0.96584,5.659822400000001
3.89,3.86,3.89,3.91,3.89,4.01,229.33,21.4,23.44,2024-01-01 00:05:21,0.8920937000000001,0.8852137999999999,0.8920937000000001,0.8966803000000001,0.8920937000000001,0.9196133,5.3754952000000005
3.89,3.85,3.89,3.9,3.88,4.02,240.96,21.4,23.43,2024-01-01 00:05:23,0.9373344000000001,0.9276960000000001,0.9373344000000001,0.939744,0.9349248,0.9686591999999999,5.6456928
3.89,3.9,3.8,3.95,3.86,4.05,235.37,21.4,23.44,2024-01-01 00:05:24,0.9155893,0.917943,0.8944059999999999,0.9297115000000001,0.9085282,0.9532484999999999,5.517072800000001
3.9,3.88,3.86,3.88,3.9,3.95,237.0,21.4,23.38,2024-01-01 00:05:26,0.9242999999999999,0.9195599999999999,0.91482,0.9195599999999999,0.9242999999999999,0.93615,5.54106
3.9,3.89,3.87,3.9,3.73,4.13,242.25,21.4,23.42,2024-01-01 00:05:27,0.944775,0.9423525,0.9375075,0.944775,0.9035925,1.0004925,5.673495000000001
3.91,3.91,3.83,3.92,3.89,4.01,240.12,21.4,23.47,2024-01-01 00:05:29,0.9388692000000001,0.9388692000000001,0.9196596,0.9412704,0.9340668000000001,0.9628811999999999,5.6356164
3.93,3.82,3.92,3.89,3.89,4.0,238.67,21.4,23.46,2024-01-01 00:05:30,0.9379731,0.9117194,0.9355863999999999,0.9284262999999999,0.9284262999999999,0.95468,5.5991982
3.92,3.87,3.87,3.88,3.91,4.01,237.21,21.4,23.46,2024-01-01 00:05:32,0.9298632,0.9180027,0.9180027,0.9203748,0.9274911000000001,0.9512121,5.5649466
3.94,3.86,3.9,3.87,3.88,3.98,238.25,21.4,23.42,2024-01-01 00:05:33,0.938705,0.9196449999999999,0.929175,0.9220275,0.92441,0.948235,5.579815000000001
3.95,3.85,3.89,3.9,3.86,4.01,240.83,21.4,23.45,2024-01-01 00:05:35,0.9512785000000001,0.9271955000000001,0.9368287000000001,0.9392370000000001,0.9296038,0.9657283,5.6474635
3.96,3.84,3.87,3.96,3.81,3.88,238.25,21.4,23.31,2024-01-01 00:05:36,0.94347,0.91488,0.9220275,0.94347,0.9077324999999999,0.92441,5.5536075
3.94,3.85,3.88,3.95,3.84,4.02,237.71,21.4,23.47,2024-01-01 00:05:38,0.9365774,0.9151835000000001,0.9223148,0.9389545,0.9128064,0.9555941999999998,5.579053699999999
3.95,3.85,3.86,3.87,3.92,4.02,237.96,21.4,23.47,2024-01-01 00:05:39,0.9399420000000002,0.9161460000000001,0.9185256,0.9209052000000001,0.9328032,0.9565991999999999,5.5849212
3.94,3.85,3.85,3.91,3.72,4.17,239.92,21.4,23.44,2024-01-01 00:05:41,0.9452847999999999,0.923692,0.923692,0.9380871999999999,0.8925023999999999,1.0004663999999999,5.6237248
3.93,3.84,3.88,3.85,3.95,4.02,240.0,21.4,23.47,2024-01-01 00:05:42,0.9432,0.9215999999999999,0.9311999999999999,0.924,0.948,0.9648,5.6328
3.92,3.85,3.87,3.91,3.89,3.99,237.62,21.4,23.44,2024-01-01 00:05:44,0.9314704,0.914837,0.9195894000000001,0.9290942,0.9243418,0.9481038,5.5698128
3.92,3.88,3.85,3.92,3.89,3.99,235.58,21.4,23.44,2024-01-01 00:05:45,0.9234736,0.9140503999999999,0.9069830000000001,0.9234736,0.9164062000000002,0.9399642000000001,5.5219952
3.92,3.85,3.89,3.84,3.95,3.99,238.5,21.4,23.44,2024-01-01 00:05:47,0.93492,0.9182250000000001,0.927765,0.9158399999999999,0.942075,0.951615,5.59044
3.91,3.92,3.82,3.87,3.92,3.99,241.17,21.4,23.44,2024-01-01 00:05:48,0.9429746999999999,0.9453864,0.9212693999999999,0.9333279,0.9453864,0.9622683,5.6530248
3.91,3.86,3.88,3.89,3.83,4.07,240.0,21.4,23.45,2024-01-01 00:05:50,0.9384000000000001,0.9264,0.9311999999999999,0.9336,0.9192,0.9768000000000001,5.628
3.97,3.91,3.9,3.96,3.8,4.22,498.79,21.4,23.76,2024-01-01 00:05:51,1.9801963000000002,1.9502689000000002,1.945281,1.9752084,1.895402,2.1048937999999997,11.851250400000001
3.85,3.82,3.84,3.83,3.87,3.93,-24.42,21.4,23.14,2024-01-01 00:05:53,-0.094017,-0.0932844,-0.0937728,-0.09352860000000002,-0.0945054,-0.0959706,-0.5650788
3.98,3.92,3.92,3.97,3.92,4.08,558.54,21.4,23.79,2024-01-01 00:05:54,2.2229891999999998,2.1894768,2.1894768,2.2174038,2.1894768,2.2788432,13.287666599999998
3.86,3.8,3.8,3.92,3.86,4.0,-24.0,21.4,23.24,2024-01-01 00:05:56,-0.09264,-0.09119999999999999,-0.09119999999999999,-0.09408,-0.09264,-0.096,-0.55776
3.86,3.82,3.83,3.84,3.85,3.94,-24.12,21.4,23.14,2024-01-01 00:05:57,-0.0931032,-0.09213840000000001,-0.0923796,-0.0926208,-0.09286200000000001,-0.09503280000000001,-0.5581368
3.87,3.81,3.82,3.88,3.89,3.85,-24.12,21.4,23.13,2024-01-01 00:05:59,-0.09334440000000001,-0.0918972,-0.09213840000000001,-0.0935856,-0.0938268,-0.09286200000000001,-0.5578955999999999
3.87,3.83,3.8,3.87,3.69,4.09,-24.04,21.4,23.15,2024-01-01 00:06:00,-0.0930348,-0.0920732,-0.09135199999999999,-0.0930348,-0.0887076,-0.0983236,-0.556526
3.89,3.8,3.83,3.84,3.84,3.93,-23.92,21.4,23.13,2024-01-01 00:06:02,-0.09304880000000001,-0.090896,-0.0916136,-0.0918528,-0.0918528,-0.09400560000000001,-0.5532695999999999
3.88,3.8,3.91,3.72,3.93,4.01,-23.62,21.4,23.26,2024-01-01 00:06:03,-0.09164560000000001,-0.089756,-0.09235420000000001,-0.08786640000000001,-0.09282660000000001,-0.0947162,-0.5494012
3.89,3.74,3.88,3.83,3.88,3.98,-23.58,21.4,23.2,2024-01-01 00:06:05,-0.0917262,-0.0881892,-0.0914904,-0.09031139999999999,-0.0914904,-0.0938484,-0.5470559999999999
3.89,3.8,3.83,3.82,3.86,3.9,-23.12,21.4,23.1,2024-01-01 00:06:06,-0.08993680000000001,-0.08785599999999999,-0.0885496,-0.08831839999999999,-0.0892432,-0.09016800000000001,-0.534072
3.86,3.76,3.89,3.87,3.83,3.91,-22.12,21.4,23.13,2024-01-01 00:06:08,-0.0853832,-0.0831712,-0.0860468,-0.08560440000000001,-0.0847196,-0.08648920000000002,-0.5116356
3.89,3.8,3.83,3.87,3.84,3.92,-19.96,21.4,23.14,2024-01-01 00:06:09,-0.0776444,-0.075848,-0.07644680000000001,-0.07724520000000001,-0.0766464,-0.0782432,-0.4618744
3.88,3.81,3.82,3.86,3.83,3.95,-16.42,21.4,23.16,2024-01-01 00:06:11,-0.0637096,-0.06256020000000001,-0.0627244,-0.06338120000000001,-0.06288860000000002,-0.06485900000000001,-0.38028720000000005
3.89,3.8,3.82,3.87,3.82,3.99,-10.63,21.4,23.19,2024-01-01 00:06:12,-0.041350700000000004,-0.040394,-0.0406066,-0.041138100000000004,-0.0406066,-0.042413700000000006,-0.24650970000000003
3.92,3.76,3.83,3.89,3.82,3.94,-3.21,21.4,23.15,2024-01-01 00:06:14,-0.0125832,-0.0120696,-0.0122943,-0.0124869,-0.0122622,-0.0126474,-0.07431149999999999
3.9,3.82,3.81,3.89,3.79,4.02,8.79,21.4,23.22,2024-01-01 00:06:15,0.034281,0.0335778,0.033489899999999996,0.034193100000000004,0.0333141,0.035335799999999994,0.20410379999999997
3.9,3.83,3.82,3.88,3.78,3.92,7.92,21.4,23.13,2024-01-01 00:06:17,0.030888,0.030333600000000002,0.030254399999999997,0.0307296,0.029937599999999998,0.0310464,0.18318959999999998
3.89,3.8,3.85,3.85,3.91,3.98,45.58,21.4,23.28,2024-01-01 00:06:18,0.1773062,0.17320399999999997,0.175483,0.175483,0.1782178,0.1814084,1.0611024
3.92,3.8,3.86,3.91,3.82,3.97,72.71,21.4,23.27,2024-01-01 00:06:20,0.2850232,0.27629799999999993,0.2806606,0.28429609999999994,0.27775219999999995,0.2886587,1.6919616999999998
3.88,3.85,3.82,3.82,3.92,3.99,96.79,21.4,23.28,2024-01-01 00:06:21,0.3755452,0.3726415,0.3697378,0.3697378,0.3794168,0.38619210000000004,2.2532712
3.92,3.81,3.84,3.85,3.89,3.99,126.87,21.4,23.3,2024-01-01 00:06:23,0.4973304,0.48337470000000005,0.48718079999999997,0.4884495,0.4935243,0.5062113,2.9560710000000006
3.91,3.81,3.85,3.86,3.88,4.0,155.54,21.4,23.31,2024-01-01 00:06:24,0.6081614,0.5926074,0.598829,0.6003843999999999,0.6034952,0.6221599999999999,3.6256373999999996
3.9,3.81,3.93,3.86,3.87,4.04,189.17,21.4,23.41,2024-01-01 00:06:26,0.737763,0.7207377,0.7434381,0.7301962,0.7320879,0.7642468,4.4284697
3.9,3.85,3.87,3.84,3.92,4.05,232.0,21.4,23.44,2024-01-01 00:06:27,0.9047999999999999,0.8932,0.8978400000000001,0.89088,0.9094399999999999,0.9395999999999999,5.43808
3.9,3.86,3.9,3.87,3.92,3.94,232.04,21.4,23.37,2024-01-01 00:06:29,0.9049559999999999,0.8956744,0.9049559999999999,0.8979948,0.9095967999999999,0.9142376,5.4227748
3.89,3.85,3.89,3.89,3.9,3.99,228.12,21.4,23.41,2024-01-01 00:06:30,0.8873868,0.8782620000000001,0.8873868,0.8873868,0.889668,0.9101988000000001,5.3402892
3.88,3.91,3.85,3.86,3.9,3.92,225.37,21.4,23.32,2024-01-01 00:06:32,0.8744356,0.8811967,0.8676745000000001,0.8699281999999999,0.878943,0.8834504,5.255628400000001
3.89,3.88,3.88,3.86,3.83,4.1,227.12,21.4,23.44,2024-01-01 00:06:33,0.8834968,0.8812255999999999,0.8812255999999999,0.8766832,0.8698696,0.9311919999999999,5.323692800000001
3.87,3.86,3.88,3.9,3.86,4.03,231.62,21.4,23.4,2024-01-01 00:06:35,0.8963694000000001,0.8940532,0.8986856,0.903318,0.8940532,0.9334286,5.4199079999999995
3.87,3.89,3.88,3.9,3.81,4.05,228.67,21.4,23.4,2024-01-01 00:06:36,0.8849529,0.8895263,0.8872395999999999,0.8918129999999999,0.8712326999999999,0.9261134999999999,5.350878
3.87,3.89,3.88,3.88,3.89,3.98,226.87,21.4,23.38,2024-01-01 00:06:38,0.8779869,0.8825243,0.8802555999999999,0.8802555999999999,0.8825243,0.9029425999999999,5.3042206
3.87,3.85,3.88,3.93,3.78,4.14,225.83,21.4,23.45,2024-01-01 00:06:39,0.8739621000000001,0.8694455000000001,0.8762204,0.8875119000000001,0.8536374,0.9349362,5.2957135
3.87,3.87,3.88,3.89,3.78,4.13,226.37,21.4,23.41,2024-01-01 00:06:41,0.8760519,0.8760519,0.8783156,0.8805793,0.8556786,0.9349081,5.2993217
3.89,3.85,3.89,3.89,3.89,4.0,230.12,21.4,23.41,2024-01-01 00:06:42,0.8951668,0.885962,0.8951668,0.8951668,0.8951668,0.92048,5.3871092
3.88,3.88,3.86,3.89,3.95,4.07,229.54,21.4,23.51,2024-01-01 00:06:44,0.8906151999999999,0.8906151999999999,0.8860243999999999,0.8929106,0.906683,0.9342278,5.3964854
3.89,3.86,3.86,3.9,3.95,3.98,227.33,21.4,23.44,2024-01-01 00:06:45,0.8843137000000001,0.8774938,0.8774938,0.886587,0.8979535000000001,0.9047734000000001,5.3286152
3.87,3.88,3.83,3.95,3.75,4.14,226.0,21.4,23.41,2024-01-01 00:06:47,0.87462,0.87688,0.86558,0.8927,0.8475,0.9356399999999999,5.29066
3.87,3.89,3.82,3.91,3.94,3.92,228.58,21.4,23.34,2024-01-01 00:06:48,0.8846046000000001,0.8891762000000001,0.8731756,0.8937478000000001,0.9006052000000001,0.8960336,5.3350572000000005
3.87,3.9,3.82,3.92,3.91,4.02,230.0,21.4,23.42,2024-01-01 00:06:50,0.8901,0.897,0.8785999999999999,0.9016000000000001,0.8993000000000001,0.9245999999999999,5.3866000000000005
3.85,3.88,3.89,3.88,3.91,3.96,228.37,21.4,23.37,2024-01-01 00:06:51,0.8792245000000001,0.8860756,0.8883593000000001,0.8860756,0.8929267000000001,0.9043452,5.3370069
3.84,3.95,3.82,3.91,3.93,3.97,225.75,21.4,23.42,2024-01-01 00:06:53,0.86688,0.8917125000000001,0.862365,0.8826825,0.8871975,0.8962275000000001,5.287065
3.86,3.9,3.93,3.83,3.91,4.01,227.29,21.4,23.44,2024-01-01 00:06:54,0.8773394,0.886431,0.8932496999999999,0.8705207,0.8887039,0.9114328999999999,5.3276776
3.86,3.89,3.8,3.97,3.93,3.98,228.12,21.4,23.42,2024-01-01 00:06:56,0.8805432,0.8873868,0.866856,0.9056364000000001,0.8965116000000001,0.9079176,5.3425704000000005
3.87,3.9,3.87,3.88,3.99,3.93,228.75,21.4,23.44,2024-01-01 00:06:57,0.8852625000000001,0.892125,0.8852625000000001,0.88755,0.9127125,0.8989875,5.3619
3.87,3.9,3.86,3.92,3.6,4.29,228.12,21.4,23.44,2024-01-01 00:06:59,0.8828244000000001,0.889668,0.8805432,0.8942304,0.8212320000000001,0.9786348,5.347132800000001
3.81,3.86,3.84,3.9,3.8,3.95,-24.42,21.4,23.16,2024-01-01 00:07:00,-0.09304020000000002,-0.0942612,-0.0937728,-0.095238,-0.092796,-0.09645900000000002,-0.5655672
3.88,3.91,3.86,3.86,3.94,4.01,265.83,21.4,23.46,2024-01-01 00:07:02,1.0314204,1.0393952999999998,1.0261037999999998,1.0261037999999998,1.0473701999999998,1.0659783,6.2363718
3.87,3.89,3.89,3.91,3.92,3.97,265.46,21.4,23.45,2024-01-01 00:07:03,1.0273302,1.0326394,1.0326394,1.0379486,1.0406031999999998,1.0538762,6.2250369999999995
3.87,3.92,3.87,3.91,3.88,4.02,267.62,21.4,23.47,2024-01-01 00:07:05,1.0356893999999999,1.0490704,1.0356893999999999,1.0463942,1.0383656,1.0758324,6.2810414
3.84,3.87,3.86,3.87,3.86,3.96,62.92,21.4,23.25,2024-01-01 00:07:06,0.2416128,0.2435004,0.24287119999999998,0.2435004,0.24287119999999998,0.24916320000000003,1.46289
3.88,3.85,3.85,3.88,3.86,3.97,86.17,21.4,23.29,2024-01-01 00:07:08,0.3343396,0.3317545,0.3317545,0.3343396,0.3326162,0.3420949,2.0068993
3.85,3.89,3.87,3.82,3.9,3.81,111.17,21.4,23.15,2024-01-01 00:07:09,0.4280045,0.4324513,0.43022790000000005,0.4246694,0.433563,0.42355770000000004,2.5735854999999996
3.86,3.89,3.85,3.88,3.9,3.9,139.12,21.4,23.28,2024-01-01 00:07:11,0.5370032,0.5411768000000001,0.5356120000000001,0.5397856000000001,0.5425679999999999,0.5425679999999999,3.2387136
3.88,3.9,3.85,3.76,4.02,3.9,172.87,21.4,23.31,2024-01-01 00:07:12,0.6707356,0.6741929999999999,0.6655495000000001,0.6499911999999999,0.6949373999999999,0.6741929999999999,4.0295996999999995
3.89,3.9,3.87,3.89,3.89,3.92,205.87,21.4,23.35,2024-01-01 00:07:14,0.8008343000000001,0.8028930000000001,0.7967169000000001,0.8008343000000001,0.8008343000000001,0.8070104,4.8070645
3.89,3.89,3.86,3.91,3.81,4.09,204.33,21.4,23.44,2024-01-01 00:07:15,0.7948437000000002,0.7948437000000002,0.7887138,0.7989303000000001,0.7784973000000001,0.8357097,4.7894952
3.91,3.83,3.91,3.85,3.94,3.98,202.67,21.4,23.41,2024-01-01 00:07:17,0.7924397,0.7762260999999999,0.7924397,0.7802795,0.7985197999999999,0.8066266,4.744504699999999
3.89,3.9,3.87,3.86,3.93,4.0,201.79,21.4,23.44,2024-01-01 00:07:18,0.7849630999999999,0.786981,0.7809273,0.7789093999999999,0.7930347000000001,0.80716,4.7299576
3.9,3.88,3.86,3.87,3.94,3.96,202.21,21.4,23.41,2024-01-01 00:07:20,0.7886190000000001,0.7845748,0.7805306000000001,0.7825527000000001,0.7967074,0.8007516,4.7337361
3.91,3.88,3.85,3.9,3.89,4.01,205.37,21.4,23.44,2024-01-01 00:07:21,0.8029967,0.7968356,0.7906745000000001,0.800943,0.7988893,0.8235336999999999,4.8138728
3.92,3.85,3.88,3.89,3.91,3.93,202.92,21.4,23.38,2024-01-01 00:07:23,0.7954463999999999,0.781242,0.7873296,0.7893588,0.7934171999999999,0.7974756,4.7442696
3.93,3.84,3.89,3.88,3.91,3.99,199.62,21.4,23.44,2024-01-01 00:07:24,0.7845066,0.7665408,0.7765218000000002,0.7745255999999999,0.7805142,0.7964838000000001,4.6790928
3.96,3.85,3.86,3.95,3.84,4.04,236.46,21.4,23.49,2024-01-01 00:07:26,0.9363816,0.910371,0.9127356,0.9340170000000001,0.9080064,0.9552984,5.5544454
3.97,3.83,3.87,3.87,3.9,4.07,242.42,21.4,23.51,2024-01-01 00:07:27,0.9624074,0.9284686,0.9381653999999999,0.9381653999999999,0.9454379999999999,0.9866494,5.699294200000001
3.97,3.82,3.86,3.93,3.86,4.06,241.21,21.4,23.5,2024-01-01 00:07:29,0.9576037000000002,0.9214222,0.9310706,0.9479553000000001,0.9310706,0.9793126,5.668435000000001
3.98,3.82,3.88,3.91,3.87,4.01,240.0,21.4,23.49,2024-01-01 00:07:30,0.9552,0.9168,0.9311999999999999,0.9384000000000001,0.9288000000000001,0.9623999999999999,5.637599999999999
3.99,3.8,3.86,3.93,3.86,4.01,237.25,21.4,23.46,2024-01-01 00:07:32,0.9466275000000001,0.90155,0.915785,0.9323925000000001,0.915785,0.9513725,5.565885000000001
3.99,3.8,3.86,3.94,3.83,4.06,235.75,21.4,23.49,2024-01-01 00:07:33,0.9406425,0.8958499999999999,0.909995,0.928855,0.9029225,0.9571449999999999,5.5377675
3.96,3.82,3.88,3.84,4.04,3.91,241.0,21.4,23.45,2024-01-01 00:07:35,0.95436,0.92062,0.9350799999999999,0.9254399999999999,0.97364,0.9423100000000001,5.65145
3.96,3.82,3.86,3.93,3.86,4.02,239.83,21.4,23.45,2024-01-01 00:07:36,0.9497268,0.9161506,0.9257438,0.9425319000000001,0.9257438,0.9641166,5.6240135
3.93,3.84,3.89,3.92,3.83,4.05,236.87,21.4,23.46,2024-01-01 00:07:38,0.9308991000000001,0.9095808,0.9214243,0.9285304,0.9072121000000001,0.9593235,5.5569702
3.92,3.85,3.87,3.9,3.9,4.0,232.83,21.4,23.44,2024-01-01 00:07:39,0.9126936000000001,0.8963955000000001,0.9010521000000001,0.908037,0.908037,0.93132,5.457535200000001
3.89,3.87,3.89,3.91,3.88,3.98,235.04,21.4,23.43,2024-01-01 00:07:41,0.9143056,0.9096048,0.9143056,0.9190064,0.9119552,0.9354592,5.506987199999999
3.89,3.89,3.71,4.02,3.94,4.03,239.17,21.4,23.47,2024-01-01 00:07:42,0.9303713,0.9303713,0.8873207,0.9614633999999999,0.9423298,0.9638551,5.6133199
3.89,3.88,3.88,3.89,3.89,4.01,237.83,21.4,23.44,2024-01-01 00:07:44,0.9251587000000001,0.9227804,0.9227804,0.9251587000000001,0.9251587000000001,0.9536983,5.574735200000001
3.88,3.91,3.86,3.93,3.86,3.99,235.87,21.4,23.44,2024-01-01 00:07:45,0.9151756,0.9222517,0.9104582,0.9269691,0.9104582,0.9411213,5.5287928
3.89,3.88,3.89,3.89,3.82,4.06,231.83,21.4,23.42,2024-01-01 00:07:47,0.9018187000000001,0.8995004,0.9018187000000001,0.9018187000000001,0.8855906,0.9412298,5.429458600000001
3.92,3.83,3.89,3.94,3.86,4.02,234.29,21.4,23.47,2024-01-01 00:07:48,0.9184167999999999,0.8973306999999999,0.9113881,0.9231025999999999,0.9043593999999999,0.9418457999999998,5.4987863
3.92,3.85,3.87,3.87,3.92,4.01,236.71,21.4,23.44,2024-01-01 00:07:50,0.9279031999999999,0.9113335,0.9160677,0.9160677,0.9279031999999999,0.9492071,5.548482400000001
3.94,3.83,3.88,3.91,3.89,3.96,236.92,21.4,23.41,2024-01-01 00:07:51,0.9334648,0.9074036,0.9192495999999999,0.9263572,0.9216188,0.9382031999999999,5.5462972
3.97,3.82,3.87,3.89,3.91,3.94,236.5,21.4,23.39,2024-01-01 00:07:53,0.9389050000000001,0.90343,0.915255,0.919985,0.9247150000000001,0.9318099999999999,5.531735
4.0,3.79,3.86,3.94,3.88,4.12,232.87,21.4,23.6,2024-01-01 00:07:54,0.93148,0.8825773,0.8988782,0.9175078,0.9035356,0.9594244,5.495732000000001
4.0,3.8,3.86,3.93,3.86,4.05,232.29,21.4,23.5,2024-01-01 00:07:56,0.92916,0.8827019999999999,0.8966393999999999,0.9128997000000001,0.8966393999999999,0.9407744999999998,5.4588149999999995
4.02,3.79,3.91,3.9,3.9,3.93,237.67,21.4,23.44,2024-01-01 00:07:57,0.9554333999999999,0.9007692999999999,0.9292897,0.9269129999999999,0.9269129999999999,0.9340431,5.5709848
3.94,3.85,3.88,3.93,3.85,3.99,237.62,21.4,23.44,2024-01-01 00:07:59,0.9362228,0.914837,0.9219655999999999,0.9338466000000001,0.914837,0.9481038,5.5698128
3.93,3.86,3.89,3.91,3.86,4.01,233.96,21.4,23.46,2024-01-01 00:08:00,0.9194628,0.9030856,0.9101044,0.9147836000000001,0.9030856,0.9381795999999999,5.488701600000001
3.92,3.88,3.86,3.94,3.86,4.03,231.58,21.4,23.49,2024-01-01 00:08:02,0.9077936000000001,0.8985304,0.8938988000000001,0.9124252,0.8938988000000001,0.9332674000000001,5.4398142
3.9,3.91,3.86,3.94,3.87,3.96,217.54,21.4,23.43,2024-01-01 00:08:03,0.848406,0.8505814,0.8397044,0.8571076,0.8418798000000001,0.8614584,5.0969622
3.89,3.91,3.86,3.92,3.89,3.97,236.0,21.4,23.43,2024-01-01 00:08:05,0.9180400000000001,0.92276,0.9109599999999999,0.92512,0.9180400000000001,0.9369200000000001,5.5294799999999995
3.88,3.93,3.85,3.94,3.86,3.99,235.83,21.4,23.45,2024-01-01 00:08:06,0.9150204,0.9268119,0.9079455000000001,0.9291702000000001,0.9103038,0.9409617,5.5302134999999994
3.88,3.91,3.89,3.82,3.95,3.99,233.37,21.4,23.44,2024-01-01 00:08:08,0.9054755999999999,0.9124767,0.9078093,0.8914734,0.9218115,0.9311463000000001,5.4701928
3.88,3.89,3.89,3.94,3.86,4.04,231.79,21.4,23.5,2024-01-01 00:08:09,0.8993452,0.9016630999999999,0.9016630999999999,0.9132526,0.8947094,0.9364316,5.447064999999999
3.87,3.97,3.81,3.94,3.86,3.99,232.71,21.4,23.44,2024-01-01 00:08:11,0.9005877,0.9238587000000001,0.8866251,0.9168774,0.8982606,0.9285129000000001,5.4547224000000005
3.88,3.87,3.91,3.87,3.92,3.99,234.0,21.4,23.44,2024-01-01 00:08:12,0.90792,0.90558,0.9149400000000001,0.90558,0.91728,0.93366,5.48496
3.88,3.9,3.88,3.95,3.84,4.12,233.29,21.4,23.57,2024-01-01 00:08:14,0.9051651999999999,0.909831,0.9051651999999999,0.9214955,0.8958335999999999,0.9611548,5.4986453
3.91,3.86,3.89,3.91,3.86,4.01,231.46,21.4,23.44,2024-01-01 00:08:15,0.9050086000000002,0.8934356,0.9003794,0.9050086000000002,0.8934356,0.9281545999999999,5.4254224
3.92,3.87,3.86,3.9,3.89,4.0,232.54,21.4,23.45,2024-01-01 00:08:17,0.9115568,0.8999298,0.8976044,0.906906,0.9045806,0.93016,5.453063
3.95,3.84,3.87,3.94,3.86,4.02,233.46,21.4,23.47,2024-01-01 00:08:18,0.9221670000000001,0.8964864,0.9034902,0.9198324,0.9011556000000001,0.9385091999999999,5.4793062
4.0,3.81,3.87,3.91,3.91,4.06,232.96,21.4,23.55,2024-01-01 00:08:20,0.93184,0.8875776000000001,0.9015552,0.9108736000000001,0.9108736000000001,0.9458175999999999,5.486208
3.96,3.84,3.86,3.98,3.86,3.96,230.46,21.4,23.47,2024-01-01 00:08:21,0.9126216,0.8849664,0.8895756,0.9172308,0.8895756,0.9126216,5.4088962
3.92,3.88,3.89,3.93,3.85,4.0,229.83,21.4,23.47,2024-01-01 00:08:23,0.9009336000000001,0.8917404,0.8940387000000001,0.9032319000000001,0.8848455000000001,0.91932,5.3941101
3.9,3.9,3.85,3.95,3.86,4.02,233.37,21.4,23.49,2024-01-01 00:08:24,0.910143,0.910143,0.8984745000000001,0.9218115,0.9008082,0.9381474,5.481861299999999
3.89,3.91,3.87,3.91,3.89,3.94,235.33,21.4,23.41,2024-01-01 00:08:26,0.9154337,0.9201403000000001,0.9107271,0.9201403000000001,0.9154337,0.9272002,5.5090753
3.88,3.93,3.86,3.93,3.88,3.99,233.71,21.4,23.46,2024-01-01 00:08:27,0.9067948,0.9184803,0.9021205999999999,0.9184803,0.9067948,0.9325029,5.482836600000001
3.87,3.92,3.86,3.83,4.07,3.9,228.37,21.4,23.46,2024-01-01 00:08:29,0.8837919000000001,0.8952104000000001,0.8815082,0.8746571,0.9294659000000001,0.8906430000000001,5.3575602
3.87,3.92,3.86,3.84,3.95,4.0,230.67,21.4,23.45,2024-01-01 00:08:30,0.8926929,0.9042263999999999,0.8903861999999999,0.8857727999999999,0.9111465,0.92268,5.4092115
3.87,3.93,3.85,3.94,3.86,3.98,234.29,21.4,23.43,2024-01-01 00:08:32,0.9067023000000001,0.9207597,0.9020165,0.9231025999999999,0.9043593999999999,0.9324742,5.489414699999999
3.87,3.91,3.9,3.87,3.86,4.04,232.21,21.4,23.44,2024-01-01 00:08:33,0.8986527000000001,0.9079411000000002,0.9056190000000001,0.8986527000000001,0.8963306,0.9381284000000001,5.4430024
3.87,3.89,3.89,3.94,3.86,4.1,231.04,21.4,23.55,2024-01-01 00:08:35,0.8941248,0.8987455999999999,0.8987455999999999,0.9102976,0.8918144,0.9472639999999999,5.4409920000000005
3.88,3.87,3.9,3.94,3.86,3.99,229.33,21.4,23.44,2024-01-01 00:08:36,0.8898003999999999,0.8875071,0.894387,0.9035602,0.8852137999999999,0.9150267000000001,5.3754952000000005
3.89,3.87,3.85,3.94,3.86,4.05,230.67,21.4,23.45,2024-01-01 00:08:38,0.8973063,0.8926929,0.8880794999999999,0.9088398,0.8903861999999999,0.9342134999999999,5.4092115
3.92,3.86,3.88,3.88,3.91,4.03,232.67,21.4,23.49,2024-01-01 00:08:39,0.9120663999999999,0.8981062,0.9027596,0.9027596,0.9097396999999999,0.9376601000000001,5.4654183
3.95,3.84,3.88,3.91,3.89,4.05,231.0,21.4,23.51,2024-01-01 00:08:41,0.9124500000000001,0.8870399999999999,0.89628,0.9032100000000001,0.89859,0.93555,5.43081
3.97,3.81,3.87,3.91,3.89,3.96,230.04,21.4,23.41,2024-01-01 00:08:42,0.9132588,0.8764524,0.8902548,0.8994564,0.8948556,0.9109584,5.3852364
3.99,3.81,3.81,3.9,3.96,4.01,229.17,21.4,23.47,2024-01-01 00:08:44,0.9143882999999999,0.8731377,0.8731377,0.893763,0.9075132,0.9189717,5.3786198999999995
4.0,3.8,3.9,3.89,3.9,4.19,233.04,21.4,23.67,2024-01-01 00:08:45,0.93216,0.8855519999999999,0.908856,0.9065256,0.908856,0.9764376000000001,5.5160568
3.99,3.79,3.88,3.9,3.88,3.99,232.67,21.4,23.44,2024-01-01 00:08:47,0.9283532999999999,0.8818193,0.9027596,0.9074129999999999,0.9027596,0.9283532999999999,5.4537848
3.97,3.82,3.86,3.92,3.87,4.02,230.33,21.4,23.47,2024-01-01 00:08:48,0.9144101,0.8798606,0.8890738,0.9028936,0.8913771,0.9259266,5.4058451000000005
3.94,3.85,3.87,3.94,3.85,4.03,227.0,21.4,23.47,2024-01-01 00:08:50,0.89438,0.87395,0.87849,0.89438,0.87395,0.91481,5.32769
3.91,3.88,3.82,3.94,3.91,4.01,230.75,21.4,23.47,2024-01-01 00:08:51,0.9022325000000001,0.8953099999999999,0.8814649999999999,0.9091549999999999,0.9022325000000001,0.9253075,5.415702499999999
3.87,3.92,3.88,3.91,3.93,3.94,232.5,21.4,23.44,2024-01-01 00:08:53,0.899775,0.9114,0.9021,0.9090750000000001,0.913725,0.9160499999999999,5.4498
3.89,3.93,3.87,3.93,3.91,3.91,218.58,21.4,23.43,2024-01-01 00:08:54,0.8502762000000001,0.8590194000000001,0.8459046000000001,0.8590194000000001,0.8546478000000001,0.8546478000000001,5.1213294000000005
3.92,3.88,3.89,3.91,3.9,4.03,227.75,21.4,23.53,2024-01-01 00:08:56,0.89278,0.88367,0.8859475,0.8905025000000001,0.888225,0.9178325,5.358957500000001
3.94,3.87,3.85,3.95,3.87,4.02,227.08,21.4,23.5,2024-01-01 00:08:57,0.8946952,0.8787996,0.8742580000000001,0.8969660000000002,0.8787996,0.9128615999999999,5.33638
3.99,3.8,3.91,3.89,3.93,3.96,229.0,21.4,23.48,2024-01-01 00:08:59,0.91371,0.8702,0.89539,0.8908100000000001,0.89997,0.90684,5.37692
4.0,3.82,3.93,3.85,3.94,4.0,231.21,21.4,23.54,2024-01-01 00:09:00,0.92484,0.8832222000000001,0.9086553000000002,0.8901585,0.9109674,0.92484,5.4426834
4.0,3.84,3.85,3.94,3.89,3.96,230.04,21.4,23.47,2024-01-01 00:09:02,0.92016,0.8833536,0.8856539999999999,0.9063576,0.8948556,0.9109584,5.3990388
4.0,3.77,3.91,3.95,3.88,3.99,225.25,21.4,23.5,2024-01-01 00:09:03,0.901,0.8491925,0.8807275000000001,0.8897375000000001,0.87397,0.8987475,5.293375
4.02,3.8,3.82,3.98,3.92,3.98,228.58,21.4,23.5,2024-01-01 00:09:05,0.9188915999999999,0.868604,0.8731756,0.9097484,0.8960336,0.9097484,5.37163
4.0,3.8,3.87,3.94,3.92,3.98,230.87,21.4,23.5,2024-01-01 00:09:06,0.92348,0.8773059999999999,0.8934669000000001,0.9096278,0.9050104,0.9188626000000001,5.425445
4.0,3.8,3.81,3.95,3.9,4.03,230.54,21.4,23.49,2024-01-01 00:09:08,0.92216,0.8760519999999999,0.8783574,0.910633,0.899106,0.9290762,5.415384599999999
3.96,3.82,3.88,3.94,3.86,3.86,227.62,21.4,23.31,2024-01-01 00:09:09,0.9013752,0.8695084,0.8831656,0.8968228,0.8786132,0.8786132,5.3058222
3.93,3.84,3.89,3.91,3.9,4.01,227.33,21.4,23.49,2024-01-01 00:09:11,0.8934069000000001,0.8729472,0.8843137000000001,0.8888603,0.886587,0.9115933,5.3399817
3.9,3.87,3.88,3.9,3.89,4.0,229.54,21.4,23.45,2024-01-01 00:09:12,0.895206,0.8883198,0.8906151999999999,0.895206,0.8929106,0.91816,5.382713
3.82,3.81,3.95,3.81,3.85,3.99,-26.75,21.4,23.23,2024-01-01 00:09:14,-0.102185,-0.10191750000000001,-0.1056625,-0.10191750000000001,-0.1029875,-0.10673250000000001,-0.6214025000000001
3.81,3.87,3.85,3.84,3.83,3.99,-26.71,21.4,23.2,2024-01-01 00:09:15,-0.1017651,-0.10336769999999999,-0.1028335,-0.1025664,-0.1022993,-0.1065729,-0.619672
3.78,3.9,3.85,3.84,3.85,3.97,-26.83,21.4,23.19,2024-01-01 00:09:17,-0.10141739999999999,-0.10463699999999998,-0.10329549999999998,-0.1030272,-0.10329549999999998,-0.1065151,-0.6221876999999999
3.78,3.89,3.84,3.78,3.9,3.92,-46.46,21.4,23.12,2024-01-01 00:09:18,-0.1756188,-0.18072939999999998,-0.1784064,-0.1756188,-0.181194,-0.18212319999999999,-1.0741552
3.8,3.87,3.82,3.85,3.84,3.93,-46.5,21.4,23.13,2024-01-01 00:09:20,-0.1767,-0.179955,-0.17762999999999998,-0.17902500000000002,-0.17856,-0.182745,-1.0755449999999998
3.8,3.84,3.89,3.83,3.72,4.03,-46.71,21.4,23.12,2024-01-01 00:09:21,-0.177498,-0.1793664,-0.18170190000000003,-0.1788993,-0.1737612,-0.18824130000000003,-1.0799352000000002
3.81,3.85,3.83,3.85,3.87,3.87,-46.62,21.4,23.08,2024-01-01 00:09:23,-0.17762219999999998,-0.179487,-0.17855459999999998,-0.179487,-0.1804194,-0.1804194,-1.0759896
3.85,3.83,3.84,3.85,3.83,3.93,-46.71,21.4,23.13,2024-01-01 00:09:24,-0.1798335,-0.1788993,-0.1793664,-0.1798335,-0.1788993,-0.1835703,-1.0804023
3.88,3.77,3.82,3.87,3.85,3.93,-46.62,21.4,23.13,2024-01-01 00:09:26,-0.18088559999999998,-0.17575739999999998,-0.17808839999999998,-0.1804194,-0.179487,-0.1832166,-1.0783205999999999
3.85,3.8,3.84,3.84,3.86,3.93,-46.62,21.4,23.13,2024-01-01 00:09:27,-0.179487,-0.17715599999999998,-0.17902079999999998,-0.17902079999999998,-0.17995319999999998,-0.1832166,-1.0783205999999999
3.87,3.79,3.84,3.8,3.99,3.99,-46.75,21.4,23.27,2024-01-01 00:09:29,-0.1809225,-0.1771825,-0.17951999999999999,-0.17765,-0.1865325,-0.1865325,-1.0878725
3.87,3.81,3.79,3.85,3.87,3.94,-46.62,21.4,23.13,2024-01-01 00:09:30,-0.1804194,-0.17762219999999998,-0.17668979999999998,-0.179487,-0.1804194,-0.18368279999999998,-1.0783205999999999
3.89,3.76,3.88,3.82,3.83,3.84,-46.54,21.4,23.02,2024-01-01 00:09:32,-0.18104060000000002,-0.1749904,-0.1805752,-0.1777828,-0.1782482,-0.17871359999999997,-1.0713507999999998
3.86,3.82,3.82,3.85,3.85,3.94,-46.75,21.4,23.14,2024-01-01 00:09:33,-0.18045499999999998,-0.17858499999999997,-0.17858499999999997,-0.17998750000000002,-0.17998750000000002,-0.184195,-1.081795
3.86,3.81,3.83,3.8,3.88,3.93,-46.67,21.4,23.11,2024-01-01 00:09:35,-0.1801462,-0.17781270000000002,-0.17874610000000002,-0.177346,-0.1810796,-0.18341310000000002,-1.0785437
3.85,3.82,3.82,3.86,3.79,3.99,-46.83,21.4,23.13,2024-01-01 00:09:36,-0.1802955,-0.17889059999999998,-0.17889059999999998,-0.18076379999999997,-0.1774857,-0.18685169999999998,-1.0831779
3.86,3.78,3.81,3.9,3.84,3.92,-46.62,21.4,23.12,2024-01-01 00:09:38,-0.17995319999999998,-0.17622359999999998,-0.17762219999999998,-0.18181799999999998,-0.17902079999999998,-0.18275039999999998,-1.0778543999999999
3.86,3.8,3.82,3.84,3.86,3.92,-46.67,21.4,23.1,2024-01-01 00:09:39,-0.1801462,-0.177346,-0.1782794,-0.17921279999999998,-0.1801462,-0.1829464,-1.078077
3.86,3.78,3.86,3.84,3.83,3.91,-46.75,21.4,23.08,2024-01-01 00:09:41,-0.18045499999999998,-0.176715,-0.18045499999999998,-0.17951999999999999,-0.1790525,-0.18279250000000002,-1.0789900000000001
3.86,3.79,3.84,3.82,3.86,3.96,-46.75,21.4,23.14,2024-01-01 00:09:42,-0.18045499999999998,-0.1771825,-0.17951999999999999,-0.17858499999999997,-0.18045499999999998,-0.18513,-1.081795
3.85,3.81,3.84,3.8,3.88,3.95,-46.83,21.4,23.13,2024-01-01 00:09:44,-0.1802955,-0.1784223,-0.17982719999999996,-0.17795399999999997,-0.1817004,-0.1849785,-1.0831779
3.87,3.82,3.83,3.87,3.8,3.98,-27.04,21.4,23.18,2024-01-01 00:09:45,-0.10464480000000001,-0.10329279999999999,-0.1035632,-0.10464480000000001,-0.102752,-0.1076192,-0.6267872
3.87,3.81,3.84,3.84,3.85,3.97,-26.92,21.4,23.18,2024-01-01 00:09:47,-0.1041804,-0.10256520000000001,-0.1033728,-0.1033728,-0.10364200000000001,-0.1068724,-0.6240056
3.87,3.81,3.81,3.89,3.81,3.94,-26.92,21.4,23.14,2024-01-01 00:09:48,-0.1041804,-0.10256520000000001,-0.10256520000000001,-0.10471880000000001,-0.10256520000000001,-0.1060648,-0.6229288000000001
3.86,3.82,3.82,3.88,3.82,3.96,-26.92,21.4,23.16,2024-01-01 00:09:50,-0.10391120000000001,-0.1028344,-0.1028344,-0.1044496,-0.1028344,-0.1066032,-0.6234672
3.87,3.79,3.84,3.86,3.83,3.96,-26.96,21.4,23.16,2024-01-01 00:09:51,-0.1043352,-0.10217840000000002,-0.10352639999999999,-0.10406560000000001,-0.1032568,-0.1067616,-0.6243936
3.87,3.79,3.86,3.86,3.82,3.96,-26.92,21.4,23.17,2024-01-01 00:09:53,-0.1041804,-0.10202680000000001,-0.10391120000000001,-0.10391120000000001,-0.1028344,-0.1066032,-0.6237364000000001
3.87,3.81,3.83,3.87,3.82,3.94,-26.87,21.4,23.14,2024-01-01 00:09:54,-0.10398690000000001,-0.1023747,-0.1029121,-0.10398690000000001,-0.1026434,-0.1058678,-0.6217718
3.87,3.82,3.82,3.88,3.82,3.94,-26.92,21.4,23.15,2024-01-01 00:09:56,-0.1041804,-0.1028344,-0.1028344,-0.1044496,-0.1028344,-0.1060648,-0.623198
3.87,3.82,3.84,3.82,3.86,3.95,-26.92,21.4,23.16,2024-01-01 00:09:57,-0.1041804,-0.1028344,-0.1033728,-0.1028344,-0.10391120000000001,-0.10633400000000001,-0.6234672
3.87,3.8,3.83,3.84,3.85,3.98,-26.83,21.4,23.17,2024-01-01 00:09:59,-0.1038321,-0.10195399999999999,-0.1027589,-0.1030272,-0.10329549999999998,-0.10678339999999999,-0.6216511
3.87,3.84,3.8,3.85,3.84,3.92,-26.87,21.4,23.13,2024-01-01 00:10:00,-0.10398690000000001,-0.1031808,-0.10210599999999999,-0.1034495,-0.1031808,-0.10533039999999999,-0.6215031
3.87,3.81,3.84,3.85,3.82,3.94,-26.75,21.4,23.14,2024-01-01 00:10:02,-0.1035225,-0.10191750000000001,-0.10272,-0.1029875,-0.102185,-0.105395,-0.618995
3.87,3.79,3.85,3.86,3.85,3.9,-26.83,21.4,23.11,2024-01-01 00:10:03,-0.1038321,-0.1016857,-0.10329549999999998,-0.10356379999999998,-0.10329549999999998,-0.10463699999999998,-0.6200413
3.87,3.82,3.83,3.85,3.83,3.96,-26.83,21.4,23.16,2024-01-01 00:10:05,-0.1038321,-0.10249059999999999,-0.1027589,-0.10329549999999998,-0.1027589,-0.10624679999999999,-0.6213828
3.87,3.8,3.84,3.87,3.82,3.96,-26.87,21.4,23.16,2024-01-01 00:10:06,-0.10398690000000001,-0.10210599999999999,-0.1031808,-0.10398690000000001,-0.1026434,-0.1064052,-0.6223092
3.87,3.8,3.86,3.84,3.84,3.97,-26.87,21.4,23.19,2024-01-01 00:10:08,-0.10398690000000001,-0.10210599999999999,-0.1037182,-0.1031808,-0.1031808,-0.1066739,-0.6231153
3.87,3.81,3.84,3.86,3.84,3.95,-26.92,21.4,23.16,2024-01-01 00:10:09,-0.1041804,-0.10256520000000001,-0.1033728,-0.10391120000000001,-0.1033728,-0.10633400000000001,-0.6234672
3.87,3.81,3.84,3.83,3.85,3.98,-26.87,21.4,23.18,2024-01-01 00:10:11,-0.10398690000000001,-0.1023747,-0.1031808,-0.1029121,-0.1034495,-0.1069426,-0.6228465999999999
3.87,3.79,3.86,3.83,3.84,3.95,-26.92,21.4,23.16,2024-01-01 00:10:12,-0.1041804,-0.10202680000000001,-0.10391120000000001,-0.10310360000000002,-0.1033728,-0.10633400000000001,-0.6234672
3.87,3.81,3.85,3.84,3.84,3.95,-26.87,21.4,23.16,2024-01-01 00:10:14,-0.10398690000000001,-0.1023747,-0.1034495,-0.1031808,-0.1031808,-0.10613650000000001,-0.6223092
3.87,3.81,3.82,3.86,3.82,3.95,-26.87,21.4,23.13,2024-01-01 00:10:15,-0.10398690000000001,-0.1023747,-0.1026434,-0.1037182,-0.1026434,-0.10613650000000001,-0.6215031
3.88,3.8,3.83,3.86,3.83,3.94,-26.83,21.4,23.15,2024-01-01 00:10:17,-0.1041004,-0.10195399999999999,-0.1027589,-0.10356379999999998,-0.1027589,-0.10571019999999999,-0.6211144999999999
3.87,3.8,3.83,3.82,3.88,3.93,-26.92,21.4,23.14,2024-01-01 00:10:18,-0.1041804,-0.10229600000000001,-0.10310360000000002,-0.1028344,-0.1044496,-0.1057956,-0.6229288000000001
3.87,3.8,3.83,3.87,3.83,3.93,-26.92,21.4,23.13,2024-01-01 00:10:20,-0.1041804,-0.10229600000000001,-0.10310360000000002,-0.1041804,-0.10310360000000002,-0.1057956,-0.6226596000000001
3.87,3.79,3.85,3.87,3.82,3.93,-26.83,21.4,23.13,2024-01-01 00:10:21,-0.1038321,-0.1016857,-0.10329549999999998,-0.1038321,-0.10249059999999999,-0.1054419,-0.6205778999999999
3.88,3.79,3.83,3.85,3.84,3.93,-26.87,21.4,23.13,2024-01-01 00:10:23,-0.1042556,-0.1018373,-0.1029121,-0.1034495,-0.1031808,-0.1055991,-0.6215031
3.87,3.8,3.83,3.88,3.82,3.95,-26.87,21.4,23.15,2024-01-01 00:10:24,-0.10398690000000001,-0.10210599999999999,-0.1029121,-0.1042556,-0.1026434,-0.10613650000000001,-0.6220405
3.87,3.81,3.84,3.82,3.86,3.94,-26.83,21.4,23.14,2024-01-01 00:10:26,-0.1038321,-0.10222229999999999,-0.1030272,-0.10249059999999999,-0.10356379999999998,-0.10571019999999999,-0.6208461999999999
3.87,3.79,3.84,3.88,3.83,3.92,-26.92,21.4,23.13,2024-01-01 00:10:27,-0.1041804,-0.10202680000000001,-0.1033728,-0.1044496,-0.10310360000000002,-0.1055264,-0.6226596000000001
3.87,3.78,3.86,3.85,3.84,3.94,-26.92,21.4,23.14,2024-01-01 00:10:29,-0.1041804,-0.10175759999999999,-0.10391120000000001,-0.10364200000000001,-0.1033728,-0.1060648,-0.6229288000000001
3.86,3.79,3.85,3.84,3.86,3.95,-26.92,21.4,23.16,2024-01-01 00:10:30,-0.10391120000000001,-0.10202680000000001,-0.10364200000000001,-0.1033728,-0.10391120000000001,-0.10633400000000001,-0.6234672
3.87,3.81,3.82,3.86,3.84,3.93,-26.87,21.4,23.13,2024-01-01 00:10:32,-0.10398690000000001,-0.1023747,-0.1026434,-0.1037182,-0.1031808,-0.1055991,-0.6215031
3.87,3.8,3.83,3.85,3.84,3.93,-26.92,21.4,23.13,2024-01-01 00:10:33,-0.1041804,-0.10229600000000001,-0.10310360000000002,-0.10364200000000001,-0.1033728,-0.1057956,-0.6226596000000001
3.86,3.8,3.83,3.87,3.79,4.0,-26.92,21.4,23.16,2024-01-01 00:10:35,-0.10391120000000001,-0.10229600000000001,-0.10310360000000002,-0.1041804,-0.10202680000000001,-0.10768000000000001,-0.6234672
3.86,3.8,3.84,3.84,3.86,3.94,-26.87,21.4,23.14,2024-01-01 00:10:36,-0.1037182,-0.10210599999999999,-0.1031808,-0.1031808,-0.1037182,-0.1058678,-0.6217718
3.87,3.81,3.82,3.83,3.86,3.93,-26.83,21.4,23.13,2024-01-01 00:10:38,-0.1038321,-0.10222229999999999,-0.10249059999999999,-0.1027589,-0.10356379999999998,-0.1054419,-0.6205778999999999
3.87,3.81,3.82,3.81,3.84,3.98,-26.83,21.4,23.14,2024-01-01 00:10:39,-0.1038321,-0.10222229999999999,-0.10249059999999999,-0.10222229999999999,-0.1030272,-0.10678339999999999,-0.6208461999999999
3.87,3.81,3.82,3.85,3.83,3.95,-26.92,21.4,23.13,2024-01-01 00:10:41,-0.1041804,-0.10256520000000001,-0.1028344,-0.10364200000000001,-0.10310360000000002,-0.10633400000000001,-0.6226596000000001
3.87,3.8,3.85,3.8,3.88,3.93,-26.92,21.4,23.13,2024-01-01 00:10:42,-0.1041804,-0.10229600000000001,-0.10364200000000001,-0.10229600000000001,-0.1044496,-0.1057956,-0.6226596000000001
3.86,3.78,3.86,3.87,3.83,3.92,-26.87,21.4,23.12,2024-01-01 00:10:44,-0.1037182,-0.10156860000000001,-0.1037182,-0.10398690000000001,-0.1029121,-0.10533039999999999,-0.6212344000000001
3.86,3.8,3.82,3.85,3.86,3.93,-26.87,21.4,23.13,2024-01-01 00:10:45,-0.1037182,-0.10210599999999999,-0.1026434,-0.1034495,-0.1037182,-0.1055991,-0.6215031
3.85,3.83,3.82,3.85,3.85,3.93,-26.83,21.4,23.13,2024-01-01 00:10:47,-0.10329549999999998,-0.1027589,-0.10249059999999999,-0.10329549999999998,-0.10329549999999998,-0.1054419,-0.6205778999999999
3.87,3.8,3.85,3.83,3.86,3.94,-26.83,21.4,23.15,2024-01-01 00:10:48,-0.1038321,-0.10195399999999999,-0.10329549999999998,-0.1027589,-0.10356379999999998,-0.10571019999999999,-0.6211144999999999
3.87,3.83,3.8,3.88,3.8,3.95,-26.87,21.4,23.13,2024-01-01 00:10:50,-0.10398690000000001,-0.1029121,-0.10210599999999999,-0.1042556,-0.10210599999999999,-0.10613650000000001,-0.6215031
3.86,3.83,3.8,3.82,3.88,3.98,-26.83,21.4,23.18,2024-01-01 00:10:51,-0.10356379999999998,-0.1027589,-0.10195399999999999,-0.10249059999999999,-0.1041004,-0.10678339999999999,-0.6219194
3.87,3.8,3.84,3.84,3.86,3.93,-26.87,21.4,23.13,2024-01-01 00:10:53,-0.10398690000000001,-0.10210599999999999,-0.1031808,-0.1031808,-0.1037182,-0.1055991,-0.6215031
3.87,3.81,3.81,3.86,3.84,3.95,-26.83,21.4,23.15,2024-01-01 00:10:54,-0.1038321,-0.10222229999999999,-0.10222229999999999,-0.10356379999999998,-0.1030272,-0.1059785,-0.6211144999999999
3.87,3.8,3.85,3.8,3.88,3.94,-26.83,21.4,23.14,2024-01-01 00:10:56,-0.1038321,-0.10195399999999999,-0.10329549999999998,-0.10195399999999999,-0.1041004,-0.10571019999999999,-0.6208461999999999
3.87,3.8,3.83,3.83,3.87,3.94,-26.92,21.4,23.14,2024-01-01 00:10:57,-0.1041804,-0.10229600000000001,-0.10310360000000002,-0.10310360000000002,-0.1041804,-0.1060648,-0.6229288000000001
3.87,3.86,3.77,3.8,3.91,3.91,-26.87,21.4,23.12,2024-01-01 00:10:59,-0.10398690000000001,-0.1037182,-0.10129990000000001,-0.10210599999999999,-0.10506170000000001,-0.10506170000000001,-0.6212344000000001
3.87,3.81,3.82,3.83,3.87,3.94,-26.87,21.4,23.14,2024-01-01 00:11:00,-0.10398690000000001,-0.1023747,-0.1026434,-0.1029121,-0.10398690000000001,-0.1058678,-0.6217718
3.87,3.79,3.86,3.83,3.84,3.93,-26.87,21.4,23.13,2024-01-01 00:11:02,-0.10398690000000001,-0.1018373,-0.1037182,-0.1029121,-0.1031808,-0.1055991,-0.6215031
3.87,3.8,3.83,3.83,3.87,3.92,-26.83,21.4,23.12,2024-01-01 00:11:03,-0.1038321,-0.10195399999999999,-0.1027589,-0.1027589,-0.1038321,-0.10517359999999999,-0.6203095999999999
3.87,3.81,3.82,3.77,3.92,3.93,-26.92,21.4,23.13,2024-01-01 00:11:05,-0.1041804,-0.10256520000000001,-0.1028344,-0.1014884,-0.1055264,-0.1057956,-0.6226596000000001
3.87,3.81,3.86,3.81,3.86,3.93,-26.83,21.4,23.13,2024-01-01 00:11:06,-0.1038321,-0.10222229999999999,-0.10356379999999998,-0.10222229999999999,-0.10356379999999998,-0.1054419,-0.6205778999999999
3.87,3.8,3.83,3.81,3.88,3.95,-26.87,21.4,23.15,2024-01-01 00:11:08,-0.10398690000000001,-0.10210599999999999,-0.1029121,-0.1023747,-0.1042556,-0.10613650000000001,-0.6220405
3.87,3.81,3.83,3.83,3.86,3.94,-26.87,21.4,23.14,2024-01-01 00:11:09,-0.10398690000000001,-0.1023747,-0.1029121,-0.1029121,-0.1037182,-0.1058678,-0.6217718
3.87,3.8,3.84,3.85,3.82,3.96,-26.87,21.4,23.13,2024-01-01 00:11:11,-0.10398690000000001,-0.10210599999999999,-0.1031808,-0.1034495,-0.1026434,-0.1064052,-0.6215031
3.87,3.8,3.84,3.82,3.87,3.93,-26.92,21.4,23.13,2024-01-01 00:11:12,-0.1041804,-0.10229600000000001,-0.1033728,-0.1028344,-0.1041804,-0.1057956,-0.6226596000000001
3.86,3.82,3.82,3.82,3.88,3.92,-26.75,21.4,23.12,2024-01-01 00:11:14,-0.103255,-0.102185,-0.102185,-0.102185,-0.10379,-0.10486,-0.61846
3.87,3.81,3.82,3.81,3.89,3.9,-26.75,21.4,23.1,2024-01-01 00:11:15,-0.1035225,-0.10191750000000001,-0.102185,-0.10191750000000001,-0.10405750000000001,-0.104325,-0.6179250000000001
3.87,3.8,3.83,3.81,3.88,3.95,-26.87,21.4,23.15,2024-01-01 00:11:17,-0.10398690000000001,-0.10210599999999999,-0.1029121,-0.1023747,-0.1042556,-0.10613650000000001,-0.6220405
3.87,3.81,3.82,3.82,3.87,3.91,-26.92,21.4,23.11,2024-01-01 00:11:18,-0.1041804,-0.10256520000000001,-0.1028344,-0.1028344,-0.1041804,-0.10525720000000001,-0.6221212
3.87,3.81,3.82,3.85,3.84,3.96,-26.92,21.4,23.16,2024-01-01 00:11:20,-0.1041804,-0.10256520000000001,-0.1028344,-0.10364200000000001,-0.1033728,-0.1066032,-0.6234672
3.87,3.8,3.83,3.85,3.83,3.97,-26.87,21.4,23.16,2024-01-01 00:11:21,-0.10398690000000001,-0.10210599999999999,-0.1029121,-0.1034495,-0.1029121,-0.1066739,-0.6223092
3.87,3.79,3.84,3.76,3.92,3.94,-26.87,21.4,23.12,2024-01-01 00:11:23,-0.10398690000000001,-0.1018373,-0.1031808,-0.1010312,-0.10533039999999999,-0.1058678,-0.6212344000000001
3.87,3.81,3.82,3.78,3.91,3.94,-26.83,21.4,23.13,2024-01-01 00:11:24,-0.1038321,-0.10222229999999999,-0.10249059999999999,-0.10141739999999999,-0.10490529999999999,-0.10571019999999999,-0.6205778999999999
3.87,3.8,3.83,3.82,3.86,3.95,-26.87,21.4,23.13,2024-01-01 00:11:26,-0.10398690000000001,-0.10210599999999999,-0.1029121,-0.1026434,-0.1037182,-0.10613650000000001,-0.6215031
3.87,3.81,3.82,3.82,3.87,3.95,-26.92,21.4,23.14,2024-01-01 00:11:27,-0.1041804,-0.10256520000000001,-0.1028344,-0.1028344,-0.1041804,-0.10633400000000001,-0.6229288000000001
3.87,3.79,3.83,3.81,3.87,3.95,-26.83,21.4,23.13,2024-01-01 00:11:29,-0.1038321,-0.1016857,-0.1027589,-0.10222229999999999,-0.1038321,-0.1059785,-0.6205778999999999
3.87,3.81,3.82,3.83,3.86,3.93,-26.87,21.4,23.12,2024-01-01 00:11:30,-0.10398690000000001,-0.1023747,-0.1026434,-0.1029121,-0.1037182,-0.1055991,-0.6212344000000001
3.86,3.81,3.82,3.8,3.9,3.92,-26.92,21.4,23.12,2024-01-01 00:11:32,-0.10391120000000001,-0.10256520000000001,-0.1028344,-0.10229600000000001,-0.104988,-0.1055264,-0.6223904000000001
3.85,3.81,3.82,3.81,3.9,3.93,-26.92,21.4,23.13,2024-01-01 00:11:33,-0.10364200000000001,-0.10256520000000001,-0.1028344,-0.10256520000000001,-0.104988,-0.1057956,-0.6226596000000001
3.85,3.79,3.86,3.8,3.9,3.92,-26.92,21.4,23.12,2024-01-01 00:11:35,-0.10364200000000001,-0.10202680000000001,-0.10391120000000001,-0.10229600000000001,-0.104988,-0.1055264,-0.6223904000000001
3.85,3.82,3.83,3.84,3.78,4.02,-26.87,21.4,23.14,2024-01-01 00:11:36,-0.1034495,-0.1026434,-0.1029121,-0.1031808,-0.10156860000000001,-0.1080174,-0.6217718
3.85,3.82,3.84,3.82,3.87,3.91,-26.92,21.4,23.11,2024-01-01 00:11:38,-0.10364200000000001,-0.1028344,-0.1033728,-0.1028344,-0.1041804,-0.10525720000000001,-0.6221212
3.84,3.83,3.82,3.82,3.86,3.95,-26.83,21.4,23.13,2024-01-01 00:11:39,-0.1030272,-0.1027589,-0.10249059999999999,-0.10249059999999999,-0.10356379999999998,-0.1059785,-0.6205778999999999
3.85,3.81,3.84,3.8,3.86,3.97,-26.87,21.4,23.13,2024-01-01 00:11:41,-0.1034495,-0.1023747,-0.1031808,-0.10210599999999999,-0.1037182,-0.1066739,-0.6215031
3.85,3.82,3.84,3.83,3.78,4.01,-26.96,21.4,23.13,2024-01-01 00:11:42,-0.10379600000000001,-0.1029872,-0.10352639999999999,-0.1032568,-0.1019088,-0.1081096,-0.6235847999999999
3.85,3.82,3.83,3.83,3.83,3.96,-26.87,21.4,23.12,2024-01-01 00:11:44,-0.1034495,-0.1026434,-0.1029121,-0.1029121,-0.1029121,-0.1064052,-0.6212344000000001
3.85,3.82,3.82,3.85,3.86,3.93,-26.87,21.4,23.13,2024-01-01 00:11:45,-0.1034495,-0.1026434,-0.1026434,-0.1034495,-0.1037182,-0.1055991,-0.6215031
3.86,3.81,3.84,3.82,3.86,3.95,-26.87,21.4,23.13,2024-01-01 00:11:47,-0.1037182,-0.1023747,-0.1031808,-0.1026434,-0.1037182,-0.10613650000000001,-0.6215031
3.85,3.8,3.85,3.81,3.88,3.92,-26.83,21.4,23.12,2024-01-01 00:11:48,-0.10329549999999998,-0.10195399999999999,-0.10329549999999998,-0.10222229999999999,-0.1041004,-0.10517359999999999,-0.6203095999999999
3.86,3.8,3.84,3.83,3.82,3.97,-26.92,21.4,23.12,2024-01-01 00:11:50,-0.10391120000000001,-0.10229600000000001,-0.1033728,-0.10310360000000002,-0.1028344,-0.1068724,-0.6223904000000001
3.84,3.82,3.83,3.82,3.85,3.94,-26.92,21.4,23.11,2024-01-01 00:11:51,-0.1033728,-0.1028344,-0.10310360000000002,-0.1028344,-0.10364200000000001,-0.1060648,-0.6221212
3.86,3.8,3.84,3.84,3.82,3.91,-26.92,21.4,23.07,2024-01-01 00:11:53,-0.10391120000000001,-0.10229600000000001,-0.1033728,-0.1033728,-0.1028344,-0.10525720000000001,-0.6210443999999999
3.86,3.81,3.83,3.81,3.88,3.95,-26.87,21.4,23.13,2024-01-01 00:11:54,-0.1037182,-0.1023747,-0.1029121,-0.1023747,-0.1042556,-0.10613650000000001,-0.6215031
3.85,3.8,3.84,3.84,3.84,3.95,-26.87,21.4,23.12,2024-01-01 00:11:56,-0.1034495,-0.10210599999999999,-0.1031808,-0.1031808,-0.1031808,-0.10613650000000001,-0.6212344000000001
3.86,3.81,3.83,3.85,3.85,3.93,-26.92,21.4,23.13,2024-01-01 00:11:57,-0.10391120000000001,-0.10256520000000001,-0.10310360000000002,-0.10364200000000001,-0.10364200000000001,-0.1057956,-0.6226596000000001
3.85,3.81,3.84,3.87,3.81,3.95,-26.87,21.4,23.13,2024-01-01 00:11:59,-0.1034495,-0.1023747,-0.1031808,-0.10398690000000001,-0.1023747,-0.10613650000000001,-0.6215031
3.85,3.79,3.87,3.82,3.85,3.94,-26.87,21.4,23.12,2024-01-01 00:12:00,-0.1034495,-0.1018373,-0.10398690000000001,-0.1026434,-0.1034495,-0.1058678,-0.6212344000000001
3.85,3.8,3.85,3.78,3.89,3.93,-26.96,21.4,23.1,2024-01-01 00:12:02,-0.10379600000000001,-0.102448,-0.10379600000000001,-0.1019088,-0.1048744,-0.10595280000000001,-0.6227760000000001
3.85,3.8,3.84,3.83,3.86,3.9,-26.87,21.3,23.09,2024-01-01 00:12:03,-0.1034495,-0.10210599999999999,-0.1031808,-0.1029121,-0.1037182,-0.10479300000000001,-0.6204283
3.86,3.79,3.86,3.82,3.86,3.95,-26.92,21.3,23.13,2024-01-01 00:12:05,-0.10391120000000001,-0.10202680000000001,-0.10391120000000001,-0.1028344,-0.10391120000000001,-0.10633400000000001,-0.6226596000000001
3.85,3.82,3.82,3.83,3.87,3.92,-26.87,21.2,23.12,2024-01-01 00:12:06,-0.1034495,-0.1026434,-0.1026434,-0.1029121,-0.10398690000000001,-0.10533039999999999,-0.6212344000000001
3.85,3.82,3.82,3.8,3.91,3.92,-26.83,21.2,23.13,2024-01-01 00:12:08,-0.10329549999999998,-0.10249059999999999,-0.10249059999999999,-0.10195399999999999,-0.10490529999999999,-0.10517359999999999,-0.6205778999999999
3.85,3.77,3.86,3.87,3.82,3.97,-26.87,21.1,23.13,2024-01-01 00:12:09,-0.1034495,-0.10129990000000001,-0.1037182,-0.10398690000000001,-0.1026434,-0.1066739,-0.6215031
3.84,3.8,3.84,3.83,3.84,3.97,-26.83,21.1,23.13,2024-01-01 00:12:11,-0.1030272,-0.10195399999999999,-0.1030272,-0.1027589,-0.1030272,-0.1065151,-0.6205778999999999
3.84,3.82,3.83,3.79,3.91,3.92,-26.96,21.1,23.12,2024-01-01 00:12:12,-0.10352639999999999,-0.1029872,-0.1032568,-0.10217840000000002,-0.1054136,-0.1056832,-0.6233152
3.86,3.81,3.82,3.81,3.86,3.99,-26.83,21.1,23.14,2024-01-01 00:12:14,-0.10356379999999998,-0.10222229999999999,-0.10249059999999999,-0.10222229999999999,-0.10356379999999998,-0.1070517,-0.6208461999999999
